Plot,X-Start,X-End,Y-Start,Y-End
148,-2.038,1.977,0.392,0.9
147,-2.038,1.977,0.9,1.408
146,-2.038,1.977,1.408,1.916
145,-2.038,1.977,1.916,2.424
144,-2.038,1.977,2.424,2.932
143,-2.038,1.977,2.932,3.44
142,-2.038,1.977,3.44,3.948
141,-2.038,1.977,3.948,4.456
140,-2.038,1.977,4.456,4.964
139,-2.038,1.977,4.964,5.472
138,-2.038,1.977,5.472,5.98
137,-2.038,1.977,5.98,6.488
136,-2.038,1.977,6.488,6.996
135,-2.038,1.977,6.996,7.504
134,-2.038,1.977,7.504,8.012
133,-2.038,1.977,8.012,8.52
132,-2.038,1.977,8.52,9.028
131,-2.038,1.977,9.028,9.536
130,-2.038,1.977,9.536,10.044
129,-2.038,1.977,10.044,10.552
128,-2.038,1.977,10.552,11.06
127,-2.038,1.977,11.06,11.568
126,-2.038,1.977,11.568,12.076
125,-2.038,1.977,12.076,12.584
124,-2.038,1.977,12.584,13.092
123,-2.038,1.977,13.092,13.6
122,-2.038,1.977,13.6,14.108
121,-2.038,1.977,14.108,14.616
120,-2.038,1.977,14.616,15.124
119,-2.038,1.977,15.124,15.632
118,-2.038,1.977,15.632,16.14
117,-2.038,1.977,16.14,16.648
116,-2.038,1.977,16.648,17.156
115,-2.038,1.977,17.156,17.664
114,-2.038,1.977,17.664,18.172
113,-2.038,1.977,18.172,18.68
112,-2.038,1.977,18.68,19.188
111,-2.038,1.977,19.188,19.696
110,-2.038,1.977,19.696,20.204
109,-2.038,1.977,20.204,20.712
108,-2.038,1.977,20.712,21.22
107,-2.038,1.977,21.22,21.728
106,-2.038,1.977,21.728,22.236
105,-2.038,1.977,22.236,22.744
104,-2.038,1.977,22.744,23.252
103,-2.038,1.977,23.252,23.76
102,-2.038,1.977,23.76,24.268
101,-2.038,1.977,24.268,24.776
248,1.977,5.993,0.392,0.9
247,1.977,5.993,0.9,1.408
246,1.977,5.993,1.408,1.916
245,1.977,5.993,1.916,2.424
244,1.977,5.993,2.424,2.932
243,1.977,5.993,2.932,3.44
242,1.977,5.993,3.44,3.948
241,1.977,5.993,3.948,4.456
240,1.977,5.993,4.456,4.964
239,1.977,5.993,4.964,5.472
238,1.977,5.993,5.472,5.98
237,1.977,5.993,5.98,6.488
236,1.977,5.993,6.488,6.996
235,1.977,5.993,6.996,7.504
234,1.977,5.993,7.504,8.012
233,1.977,5.993,8.012,8.52
232,1.977,5.993,8.52,9.028
231,1.977,5.993,9.028,9.536
230,1.977,5.993,9.536,10.044
229,1.977,5.993,10.044,10.552
228,1.977,5.993,10.552,11.06
227,1.977,5.993,11.06,11.568
226,1.977,5.993,11.568,12.076
225,1.977,5.993,12.076,12.584
224,1.977,5.993,12.584,13.092
223,1.977,5.993,13.092,13.6
222,1.977,5.993,13.6,14.108
221,1.977,5.993,14.108,14.616
220,1.977,5.993,14.616,15.124
219,1.977,5.993,15.124,15.632
218,1.977,5.993,15.632,16.14
217,1.977,5.993,16.14,16.648
216,1.977,5.993,16.648,17.156
215,1.977,5.993,17.156,17.664
214,1.977,5.993,17.664,18.172
213,1.977,5.993,18.172,18.68
212,1.977,5.993,18.68,19.188
211,1.977,5.993,19.188,19.696
210,1.977,5.993,19.696,20.204
209,1.977,5.993,20.204,20.712
208,1.977,5.993,20.712,21.22
207,1.977,5.993,21.22,21.728
206,1.977,5.993,21.728,22.236
205,1.977,5.993,22.236,22.744
204,1.977,5.993,22.744,23.252
203,1.977,5.993,23.252,23.76
202,1.977,5.993,23.76,24.268
201,1.977,5.993,24.268,24.776
348,5.993,10.009,0.392,0.9
347,5.993,10.009,0.9,1.408
346,5.993,10.009,1.408,1.916
345,5.993,10.009,1.916,2.424
344,5.993,10.009,2.424,2.932
343,5.993,10.009,2.932,3.44
342,5.993,10.009,3.44,3.948
341,5.993,10.009,3.948,4.456
340,5.993,10.009,4.456,4.964
339,5.993,10.009,4.964,5.472
338,5.993,10.009,5.472,5.98
337,5.993,10.009,5.98,6.488
336,5.993,10.009,6.488,6.996
335,5.993,10.009,6.996,7.504
334,5.993,10.009,7.504,8.012
333,5.993,10.009,8.012,8.52
332,5.993,10.009,8.52,9.028
331,5.993,10.009,9.028,9.536
330,5.993,10.009,9.536,10.044
329,5.993,10.009,10.044,10.552
328,5.993,10.009,10.552,11.06
327,5.993,10.009,11.06,11.568
326,5.993,10.009,11.568,12.076
325,5.993,10.009,12.076,12.584
324,5.993,10.009,12.584,13.092
323,5.993,10.009,13.092,13.6
322,5.993,10.009,13.6,14.108
321,5.993,10.009,14.108,14.616
320,5.993,10.009,14.616,15.124
319,5.993,10.009,15.124,15.632
318,5.993,10.009,15.632,16.14
317,5.993,10.009,16.14,16.648
316,5.993,10.009,16.648,17.156
315,5.993,10.009,17.156,17.664
314,5.993,10.009,17.664,18.172
313,5.993,10.009,18.172,18.68
312,5.993,10.009,18.68,19.188
311,5.993,10.009,19.188,19.696
310,5.993,10.009,19.696,20.204
309,5.993,10.009,20.204,20.712
308,5.993,10.009,20.712,21.22
307,5.993,10.009,21.22,21.728
306,5.993,10.009,21.728,22.236
305,5.993,10.009,22.236,22.744
304,5.993,10.009,22.744,23.252
303,5.993,10.009,23.252,23.76
302,5.993,10.009,23.76,24.268
301,5.993,10.009,24.268,24.776
448,10.009,14.024,0.392,0.9
447,10.009,14.024,0.9,1.408
446,10.009,14.024,1.408,1.916
445,10.009,14.024,1.916,2.424
444,10.009,14.024,2.424,2.932
443,10.009,14.024,2.932,3.44
442,10.009,14.024,3.44,3.948
441,10.009,14.024,3.948,4.456
440,10.009,14.024,4.456,4.964
439,10.009,14.024,4.964,5.472
438,10.009,14.024,5.472,5.98
437,10.009,14.024,5.98,6.488
436,10.009,14.024,6.488,6.996
435,10.009,14.024,6.996,7.504
434,10.009,14.024,7.504,8.012
433,10.009,14.024,8.012,8.52
432,10.009,14.024,8.52,9.028
431,10.009,14.024,9.028,9.536
430,10.009,14.024,9.536,10.044
429,10.009,14.024,10.044,10.552
428,10.009,14.024,10.552,11.06
427,10.009,14.024,11.06,11.568
426,10.009,14.024,11.568,12.076
425,10.009,14.024,12.076,12.584
424,10.009,14.024,12.584,13.092
423,10.009,14.024,13.092,13.6
422,10.009,14.024,13.6,14.108
421,10.009,14.024,14.108,14.616
420,10.009,14.024,14.616,15.124
419,10.009,14.024,15.124,15.632
418,10.009,14.024,15.632,16.14
417,10.009,14.024,16.14,16.648
416,10.009,14.024,16.648,17.156
415,10.009,14.024,17.156,17.664
414,10.009,14.024,17.664,18.172
413,10.009,14.024,18.172,18.68
412,10.009,14.024,18.68,19.188
411,10.009,14.024,19.188,19.696
410,10.009,14.024,19.696,20.204
409,10.009,14.024,20.204,20.712
408,10.009,14.024,20.712,21.22
407,10.009,14.024,21.22,21.728
406,10.009,14.024,21.728,22.236
405,10.009,14.024,22.236,22.744
404,10.009,14.024,22.744,23.252
403,10.009,14.024,23.252,23.76
402,10.009,14.024,23.76,24.268
401,10.009,14.024,24.268,24.776
548,14.024,18.04,0.392,0.9
547,14.024,18.04,0.9,1.408
546,14.024,18.04,1.408,1.916
545,14.024,18.04,1.916,2.424
544,14.024,18.04,2.424,2.932
543,14.024,18.04,2.932,3.44
542,14.024,18.04,3.44,3.948
541,14.024,18.04,3.948,4.456
540,14.024,18.04,4.456,4.964
539,14.024,18.04,4.964,5.472
538,14.024,18.04,5.472,5.98
537,14.024,18.04,5.98,6.488
536,14.024,18.04,6.488,6.996
535,14.024,18.04,6.996,7.504
534,14.024,18.04,7.504,8.012
533,14.024,18.04,8.012,8.52
532,14.024,18.04,8.52,9.028
531,14.024,18.04,9.028,9.536
530,14.024,18.04,9.536,10.044
529,14.024,18.04,10.044,10.552
528,14.024,18.04,10.552,11.06
527,14.024,18.04,11.06,11.568
526,14.024,18.04,11.568,12.076
525,14.024,18.04,12.076,12.584
524,14.024,18.04,12.584,13.092
523,14.024,18.04,13.092,13.6
522,14.024,18.04,13.6,14.108
521,14.024,18.04,14.108,14.616
520,14.024,18.04,14.616,15.124
519,14.024,18.04,15.124,15.632
518,14.024,18.04,15.632,16.14
517,14.024,18.04,16.14,16.648
516,14.024,18.04,16.648,17.156
515,14.024,18.04,17.156,17.664
514,14.024,18.04,17.664,18.172
513,14.024,18.04,18.172,18.68
512,14.024,18.04,18.68,19.188
511,14.024,18.04,19.188,19.696
510,14.024,18.04,19.696,20.204
509,14.024,18.04,20.204,20.712
508,14.024,18.04,20.712,21.22
507,14.024,18.04,21.22,21.728
506,14.024,18.04,21.728,22.236
505,14.024,18.04,22.236,22.744
504,14.024,18.04,22.744,23.252
503,14.024,18.04,23.252,23.76
502,14.024,18.04,23.76,24.268
501,14.024,18.04,24.268,24.776
648,18.04,22.055,0.392,0.9
647,18.04,22.055,0.9,1.408
646,18.04,22.055,1.408,1.916
645,18.04,22.055,1.916,2.424
644,18.04,22.055,2.424,2.932
643,18.04,22.055,2.932,3.44
642,18.04,22.055,3.44,3.948
641,18.04,22.055,3.948,4.456
640,18.04,22.055,4.456,4.964
639,18.04,22.055,4.964,5.472
638,18.04,22.055,5.472,5.98
637,18.04,22.055,5.98,6.488
636,18.04,22.055,6.488,6.996
635,18.04,22.055,6.996,7.504
634,18.04,22.055,7.504,8.012
633,18.04,22.055,8.012,8.52
632,18.04,22.055,8.52,9.028
631,18.04,22.055,9.028,9.536
630,18.04,22.055,9.536,10.044
629,18.04,22.055,10.044,10.552
628,18.04,22.055,10.552,11.06
627,18.04,22.055,11.06,11.568
626,18.04,22.055,11.568,12.076
625,18.04,22.055,12.076,12.584
624,18.04,22.055,12.584,13.092
623,18.04,22.055,13.092,13.6
622,18.04,22.055,13.6,14.108
621,18.04,22.055,14.108,14.616
620,18.04,22.055,14.616,15.124
619,18.04,22.055,15.124,15.632
618,18.04,22.055,15.632,16.14
617,18.04,22.055,16.14,16.648
616,18.04,22.055,16.648,17.156
615,18.04,22.055,17.156,17.664
614,18.04,22.055,17.664,18.172
613,18.04,22.055,18.172,18.68
612,18.04,22.055,18.68,19.188
611,18.04,22.055,19.188,19.696
610,18.04,22.055,19.696,20.204
609,18.04,22.055,20.204,20.712
608,18.04,22.055,20.712,21.22
607,18.04,22.055,21.22,21.728
606,18.04,22.055,21.728,22.236
605,18.04,22.055,22.236,22.744
604,18.04,22.055,22.744,23.252
603,18.04,22.055,23.252,23.76
602,18.04,22.055,23.76,24.268
601,18.04,22.055,24.268,24.776
748,22.055,26.071,0.392,0.9
747,22.055,26.071,0.9,1.408
746,22.055,26.071,1.408,1.916
745,22.055,26.071,1.916,2.424
744,22.055,26.071,2.424,2.932
743,22.055,26.071,2.932,3.44
742,22.055,26.071,3.44,3.948
741,22.055,26.071,3.948,4.456
740,22.055,26.071,4.456,4.964
739,22.055,26.071,4.964,5.472
738,22.055,26.071,5.472,5.98
737,22.055,26.071,5.98,6.488
736,22.055,26.071,6.488,6.996
735,22.055,26.071,6.996,7.504
734,22.055,26.071,7.504,8.012
733,22.055,26.071,8.012,8.52
732,22.055,26.071,8.52,9.028
731,22.055,26.071,9.028,9.536
730,22.055,26.071,9.536,10.044
729,22.055,26.071,10.044,10.552
728,22.055,26.071,10.552,11.06
727,22.055,26.071,11.06,11.568
726,22.055,26.071,11.568,12.076
725,22.055,26.071,12.076,12.584
724,22.055,26.071,12.584,13.092
723,22.055,26.071,13.092,13.6
722,22.055,26.071,13.6,14.108
721,22.055,26.071,14.108,14.616
720,22.055,26.071,14.616,15.124
719,22.055,26.071,15.124,15.632
718,22.055,26.071,15.632,16.14
717,22.055,26.071,16.14,16.648
716,22.055,26.071,16.648,17.156
715,22.055,26.071,17.156,17.664
714,22.055,26.071,17.664,18.172
713,22.055,26.071,18.172,18.68
712,22.055,26.071,18.68,19.188
711,22.055,26.071,19.188,19.696
710,22.055,26.071,19.696,20.204
709,22.055,26.071,20.204,20.712
708,22.055,26.071,20.712,21.22
707,22.055,26.071,21.22,21.728
706,22.055,26.071,21.728,22.236
705,22.055,26.071,22.236,22.744
704,22.055,26.071,22.744,23.252
703,22.055,26.071,23.252,23.76
702,22.055,26.071,23.76,24.268
701,22.055,26.071,24.268,24.776
848,26.071,30.087,0.392,0.9
847,26.071,30.087,0.9,1.408
846,26.071,30.087,1.408,1.916
845,26.071,30.087,1.916,2.424
844,26.071,30.087,2.424,2.932
843,26.071,30.087,2.932,3.44
842,26.071,30.087,3.44,3.948
841,26.071,30.087,3.948,4.456
840,26.071,30.087,4.456,4.964
839,26.071,30.087,4.964,5.472
838,26.071,30.087,5.472,5.98
837,26.071,30.087,5.98,6.488
836,26.071,30.087,6.488,6.996
835,26.071,30.087,6.996,7.504
834,26.071,30.087,7.504,8.012
833,26.071,30.087,8.012,8.52
832,26.071,30.087,8.52,9.028
831,26.071,30.087,9.028,9.536
830,26.071,30.087,9.536,10.044
829,26.071,30.087,10.044,10.552
828,26.071,30.087,10.552,11.06
827,26.071,30.087,11.06,11.568
826,26.071,30.087,11.568,12.076
825,26.071,30.087,12.076,12.584
824,26.071,30.087,12.584,13.092
823,26.071,30.087,13.092,13.6
822,26.071,30.087,13.6,14.108
821,26.071,30.087,14.108,14.616
820,26.071,30.087,14.616,15.124
819,26.071,30.087,15.124,15.632
818,26.071,30.087,15.632,16.14
817,26.071,30.087,16.14,16.648
816,26.071,30.087,16.648,17.156
815,26.071,30.087,17.156,17.664
814,26.071,30.087,17.664,18.172
813,26.071,30.087,18.172,18.68
812,26.071,30.087,18.68,19.188
811,26.071,30.087,19.188,19.696
810,26.071,30.087,19.696,20.204
809,26.071,30.087,20.204,20.712
808,26.071,30.087,20.712,21.22
807,26.071,30.087,21.22,21.728
806,26.071,30.087,21.728,22.236
805,26.071,30.087,22.236,22.744
804,26.071,30.087,22.744,23.252
803,26.071,30.087,23.252,23.76
802,26.071,30.087,23.76,24.268
801,26.071,30.087,24.268,24.776
948,30.087,34.102,0.392,0.9
947,30.087,34.102,0.9,1.408
946,30.087,34.102,1.408,1.916
945,30.087,34.102,1.916,2.424
944,30.087,34.102,2.424,2.932
943,30.087,34.102,2.932,3.44
942,30.087,34.102,3.44,3.948
941,30.087,34.102,3.948,4.456
940,30.087,34.102,4.456,4.964
939,30.087,34.102,4.964,5.472
938,30.087,34.102,5.472,5.98
937,30.087,34.102,5.98,6.488
936,30.087,34.102,6.488,6.996
935,30.087,34.102,6.996,7.504
934,30.087,34.102,7.504,8.012
933,30.087,34.102,8.012,8.52
932,30.087,34.102,8.52,9.028
931,30.087,34.102,9.028,9.536
930,30.087,34.102,9.536,10.044
929,30.087,34.102,10.044,10.552
928,30.087,34.102,10.552,11.06
927,30.087,34.102,11.06,11.568
926,30.087,34.102,11.568,12.076
925,30.087,34.102,12.076,12.584
924,30.087,34.102,12.584,13.092
923,30.087,34.102,13.092,13.6
922,30.087,34.102,13.6,14.108
921,30.087,34.102,14.108,14.616
920,30.087,34.102,14.616,15.124
919,30.087,34.102,15.124,15.632
918,30.087,34.102,15.632,16.14
917,30.087,34.102,16.14,16.648
916,30.087,34.102,16.648,17.156
915,30.087,34.102,17.156,17.664
914,30.087,34.102,17.664,18.172
913,30.087,34.102,18.172,18.68
912,30.087,34.102,18.68,19.188
911,30.087,34.102,19.188,19.696
910,30.087,34.102,19.696,20.204
909,30.087,34.102,20.204,20.712
908,30.087,34.102,20.712,21.22
907,30.087,34.102,21.22,21.728
906,30.087,34.102,21.728,22.236
905,30.087,34.102,22.236,22.744
904,30.087,34.102,22.744,23.252
903,30.087,34.102,23.252,23.76
902,30.087,34.102,23.76,24.268
901,30.087,34.102,24.268,24.776
1048,34.102,38.118,0.392,0.9
1047,34.102,38.118,0.9,1.408
1046,34.102,38.118,1.408,1.916
1045,34.102,38.118,1.916,2.424
1044,34.102,38.118,2.424,2.932
1043,34.102,38.118,2.932,3.44
1042,34.102,38.118,3.44,3.948
1041,34.102,38.118,3.948,4.456
1040,34.102,38.118,4.456,4.964
1039,34.102,38.118,4.964,5.472
1038,34.102,38.118,5.472,5.98
1037,34.102,38.118,5.98,6.488
1036,34.102,38.118,6.488,6.996
1035,34.102,38.118,6.996,7.504
1034,34.102,38.118,7.504,8.012
1033,34.102,38.118,8.012,8.52
1032,34.102,38.118,8.52,9.028
1031,34.102,38.118,9.028,9.536
1030,34.102,38.118,9.536,10.044
1029,34.102,38.118,10.044,10.552
1028,34.102,38.118,10.552,11.06
1027,34.102,38.118,11.06,11.568
1026,34.102,38.118,11.568,12.076
1025,34.102,38.118,12.076,12.584
1024,34.102,38.118,12.584,13.092
1023,34.102,38.118,13.092,13.6
1022,34.102,38.118,13.6,14.108
1021,34.102,38.118,14.108,14.616
1020,34.102,38.118,14.616,15.124
1019,34.102,38.118,15.124,15.632
1018,34.102,38.118,15.632,16.14
1017,34.102,38.118,16.14,16.648
1016,34.102,38.118,16.648,17.156
1015,34.102,38.118,17.156,17.664
1014,34.102,38.118,17.664,18.172
1013,34.102,38.118,18.172,18.68
1012,34.102,38.118,18.68,19.188
1011,34.102,38.118,19.188,19.696
1010,34.102,38.118,19.696,20.204
1009,34.102,38.118,20.204,20.712
1008,34.102,38.118,20.712,21.22
1007,34.102,38.118,21.22,21.728
1006,34.102,38.118,21.728,22.236
1005,34.102,38.118,22.236,22.744
1004,34.102,38.118,22.744,23.252
1003,34.102,38.118,23.252,23.76
1002,34.102,38.118,23.76,24.268
1001,34.102,38.118,24.268,24.776
1148,38.118,42.133,0.392,0.9
1147,38.118,42.133,0.9,1.408
1146,38.118,42.133,1.408,1.916
1145,38.118,42.133,1.916,2.424
1144,38.118,42.133,2.424,2.932
1143,38.118,42.133,2.932,3.44
1142,38.118,42.133,3.44,3.948
1141,38.118,42.133,3.948,4.456
1140,38.118,42.133,4.456,4.964
1139,38.118,42.133,4.964,5.472
1138,38.118,42.133,5.472,5.98
1137,38.118,42.133,5.98,6.488
1136,38.118,42.133,6.488,6.996
1135,38.118,42.133,6.996,7.504
1134,38.118,42.133,7.504,8.012
1133,38.118,42.133,8.012,8.52
1132,38.118,42.133,8.52,9.028
1131,38.118,42.133,9.028,9.536
1130,38.118,42.133,9.536,10.044
1129,38.118,42.133,10.044,10.552
1128,38.118,42.133,10.552,11.06
1127,38.118,42.133,11.06,11.568
1126,38.118,42.133,11.568,12.076
1125,38.118,42.133,12.076,12.584
1124,38.118,42.133,12.584,13.092
1123,38.118,42.133,13.092,13.6
1122,38.118,42.133,13.6,14.108
1121,38.118,42.133,14.108,14.616
1120,38.118,42.133,14.616,15.124
1119,38.118,42.133,15.124,15.632
1118,38.118,42.133,15.632,16.14
1117,38.118,42.133,16.14,16.648
1116,38.118,42.133,16.648,17.156
1115,38.118,42.133,17.156,17.664
1114,38.118,42.133,17.664,18.172
1113,38.118,42.133,18.172,18.68
1112,38.118,42.133,18.68,19.188
1111,38.118,42.133,19.188,19.696
1110,38.118,42.133,19.696,20.204
1109,38.118,42.133,20.204,20.712
1108,38.118,42.133,20.712,21.22
1107,38.118,42.133,21.22,21.728
1106,38.118,42.133,21.728,22.236
1105,38.118,42.133,22.236,22.744
1104,38.118,42.133,22.744,23.252
1103,38.118,42.133,23.252,23.76
1102,38.118,42.133,23.76,24.268
1101,38.118,42.133,24.268,24.776
1248,42.133,46.149,0.392,0.9
1247,42.133,46.149,0.9,1.408
1246,42.133,46.149,1.408,1.916
1245,42.133,46.149,1.916,2.424
1244,42.133,46.149,2.424,2.932
1243,42.133,46.149,2.932,3.44
1242,42.133,46.149,3.44,3.948
1241,42.133,46.149,3.948,4.456
1240,42.133,46.149,4.456,4.964
1239,42.133,46.149,4.964,5.472
1238,42.133,46.149,5.472,5.98
1237,42.133,46.149,5.98,6.488
1236,42.133,46.149,6.488,6.996
1235,42.133,46.149,6.996,7.504
1234,42.133,46.149,7.504,8.012
1233,42.133,46.149,8.012,8.52
1232,42.133,46.149,8.52,9.028
1231,42.133,46.149,9.028,9.536
1230,42.133,46.149,9.536,10.044
1229,42.133,46.149,10.044,10.552
1228,42.133,46.149,10.552,11.06
1227,42.133,46.149,11.06,11.568
1226,42.133,46.149,11.568,12.076
1225,42.133,46.149,12.076,12.584
1224,42.133,46.149,12.584,13.092
1223,42.133,46.149,13.092,13.6
1222,42.133,46.149,13.6,14.108
1221,42.133,46.149,14.108,14.616
1220,42.133,46.149,14.616,15.124
1219,42.133,46.149,15.124,15.632
1218,42.133,46.149,15.632,16.14
1217,42.133,46.149,16.14,16.648
1216,42.133,46.149,16.648,17.156
1215,42.133,46.149,17.156,17.664
1214,42.133,46.149,17.664,18.172
1213,42.133,46.149,18.172,18.68
1212,42.133,46.149,18.68,19.188
1211,42.133,46.149,19.188,19.696
1210,42.133,46.149,19.696,20.204
1209,42.133,46.149,20.204,20.712
1208,42.133,46.149,20.712,21.22
1207,42.133,46.149,21.22,21.728
1206,42.133,46.149,21.728,22.236
1205,42.133,46.149,22.236,22.744
1204,42.133,46.149,22.744,23.252
1203,42.133,46.149,23.252,23.76
1202,42.133,46.149,23.76,24.268
1201,42.133,46.149,24.268,24.776
1348,46.149,50.165,0.392,0.9
1347,46.149,50.165,0.9,1.408
1346,46.149,50.165,1.408,1.916
1345,46.149,50.165,1.916,2.424
1344,46.149,50.165,2.424,2.932
1343,46.149,50.165,2.932,3.44
1342,46.149,50.165,3.44,3.948
1341,46.149,50.165,3.948,4.456
1340,46.149,50.165,4.456,4.964
1339,46.149,50.165,4.964,5.472
1338,46.149,50.165,5.472,5.98
1337,46.149,50.165,5.98,6.488
1336,46.149,50.165,6.488,6.996
1335,46.149,50.165,6.996,7.504
1334,46.149,50.165,7.504,8.012
1333,46.149,50.165,8.012,8.52
1332,46.149,50.165,8.52,9.028
1331,46.149,50.165,9.028,9.536
1330,46.149,50.165,9.536,10.044
1329,46.149,50.165,10.044,10.552
1328,46.149,50.165,10.552,11.06
1327,46.149,50.165,11.06,11.568
1326,46.149,50.165,11.568,12.076
1325,46.149,50.165,12.076,12.584
1324,46.149,50.165,12.584,13.092
1323,46.149,50.165,13.092,13.6
1322,46.149,50.165,13.6,14.108
1321,46.149,50.165,14.108,14.616
1320,46.149,50.165,14.616,15.124
1319,46.149,50.165,15.124,15.632
1318,46.149,50.165,15.632,16.14
1317,46.149,50.165,16.14,16.648
1316,46.149,50.165,16.648,17.156
1315,46.149,50.165,17.156,17.664
1314,46.149,50.165,17.664,18.172
1313,46.149,50.165,18.172,18.68
1312,46.149,50.165,18.68,19.188
1311,46.149,50.165,19.188,19.696
1310,46.149,50.165,19.696,20.204
1309,46.149,50.165,20.204,20.712
1308,46.149,50.165,20.712,21.22
1307,46.149,50.165,21.22,21.728
1306,46.149,50.165,21.728,22.236
1305,46.149,50.165,22.236,22.744
1304,46.149,50.165,22.744,23.252
1303,46.149,50.165,23.252,23.76
1302,46.149,50.165,23.76,24.268
1301,46.149,50.165,24.268,24.776
1448,50.165,54.18,0.392,0.9
1447,50.165,54.18,0.9,1.408
1446,50.165,54.18,1.408,1.916
1445,50.165,54.18,1.916,2.424
1444,50.165,54.18,2.424,2.932
1443,50.165,54.18,2.932,3.44
1442,50.165,54.18,3.44,3.948
1441,50.165,54.18,3.948,4.456
1440,50.165,54.18,4.456,4.964
1439,50.165,54.18,4.964,5.472
1438,50.165,54.18,5.472,5.98
1437,50.165,54.18,5.98,6.488
1436,50.165,54.18,6.488,6.996
1435,50.165,54.18,6.996,7.504
1434,50.165,54.18,7.504,8.012
1433,50.165,54.18,8.012,8.52
1432,50.165,54.18,8.52,9.028
1431,50.165,54.18,9.028,9.536
1430,50.165,54.18,9.536,10.044
1429,50.165,54.18,10.044,10.552
1428,50.165,54.18,10.552,11.06
1427,50.165,54.18,11.06,11.568
1426,50.165,54.18,11.568,12.076
1425,50.165,54.18,12.076,12.584
1424,50.165,54.18,12.584,13.092
1423,50.165,54.18,13.092,13.6
1422,50.165,54.18,13.6,14.108
1421,50.165,54.18,14.108,14.616
1420,50.165,54.18,14.616,15.124
1419,50.165,54.18,15.124,15.632
1418,50.165,54.18,15.632,16.14
1417,50.165,54.18,16.14,16.648
1416,50.165,54.18,16.648,17.156
1415,50.165,54.18,17.156,17.664
1414,50.165,54.18,17.664,18.172
1413,50.165,54.18,18.172,18.68
1412,50.165,54.18,18.68,19.188
1411,50.165,54.18,19.188,19.696
1410,50.165,54.18,19.696,20.204
1409,50.165,54.18,20.204,20.712
1408,50.165,54.18,20.712,21.22
1407,50.165,54.18,21.22,21.728
1406,50.165,54.18,21.728,22.236
1405,50.165,54.18,22.236,22.744
1404,50.165,54.18,22.744,23.252
1403,50.165,54.18,23.252,23.76
1402,50.165,54.18,23.76,24.268
1401,50.165,54.18,24.268,24.776
1548,54.18,58.196,0.392,0.9
1547,54.18,58.196,0.9,1.408
1546,54.18,58.196,1.408,1.916
1545,54.18,58.196,1.916,2.424
1544,54.18,58.196,2.424,2.932
1543,54.18,58.196,2.932,3.44
1542,54.18,58.196,3.44,3.948
1541,54.18,58.196,3.948,4.456
1540,54.18,58.196,4.456,4.964
1539,54.18,58.196,4.964,5.472
1538,54.18,58.196,5.472,5.98
1537,54.18,58.196,5.98,6.488
1536,54.18,58.196,6.488,6.996
1535,54.18,58.196,6.996,7.504
1534,54.18,58.196,7.504,8.012
1533,54.18,58.196,8.012,8.52
1532,54.18,58.196,8.52,9.028
1531,54.18,58.196,9.028,9.536
1530,54.18,58.196,9.536,10.044
1529,54.18,58.196,10.044,10.552
1528,54.18,58.196,10.552,11.06
1527,54.18,58.196,11.06,11.568
1526,54.18,58.196,11.568,12.076
1525,54.18,58.196,12.076,12.584
1524,54.18,58.196,12.584,13.092
1523,54.18,58.196,13.092,13.6
1522,54.18,58.196,13.6,14.108
1521,54.18,58.196,14.108,14.616
1520,54.18,58.196,14.616,15.124
1519,54.18,58.196,15.124,15.632
1518,54.18,58.196,15.632,16.14
1517,54.18,58.196,16.14,16.648
1516,54.18,58.196,16.648,17.156
1515,54.18,58.196,17.156,17.664
1514,54.18,58.196,17.664,18.172
1513,54.18,58.196,18.172,18.68
1512,54.18,58.196,18.68,19.188
1511,54.18,58.196,19.188,19.696
1510,54.18,58.196,19.696,20.204
1509,54.18,58.196,20.204,20.712
1508,54.18,58.196,20.712,21.22
1507,54.18,58.196,21.22,21.728
1506,54.18,58.196,21.728,22.236
1505,54.18,58.196,22.236,22.744
1504,54.18,58.196,22.744,23.252
1503,54.18,58.196,23.252,23.76
1502,54.18,58.196,23.76,24.268
1501,54.18,58.196,24.268,24.776
1648,58.196,62.211,0.392,0.9
1647,58.196,62.211,0.9,1.408
1646,58.196,62.211,1.408,1.916
1645,58.196,62.211,1.916,2.424
1644,58.196,62.211,2.424,2.932
1643,58.196,62.211,2.932,3.44
1642,58.196,62.211,3.44,3.948
1641,58.196,62.211,3.948,4.456
1640,58.196,62.211,4.456,4.964
1639,58.196,62.211,4.964,5.472
1638,58.196,62.211,5.472,5.98
1637,58.196,62.211,5.98,6.488
1636,58.196,62.211,6.488,6.996
1635,58.196,62.211,6.996,7.504
1634,58.196,62.211,7.504,8.012
1633,58.196,62.211,8.012,8.52
1632,58.196,62.211,8.52,9.028
1631,58.196,62.211,9.028,9.536
1630,58.196,62.211,9.536,10.044
1629,58.196,62.211,10.044,10.552
1628,58.196,62.211,10.552,11.06
1627,58.196,62.211,11.06,11.568
1626,58.196,62.211,11.568,12.076
1625,58.196,62.211,12.076,12.584
1624,58.196,62.211,12.584,13.092
1623,58.196,62.211,13.092,13.6
1622,58.196,62.211,13.6,14.108
1621,58.196,62.211,14.108,14.616
1620,58.196,62.211,14.616,15.124
1619,58.196,62.211,15.124,15.632
1618,58.196,62.211,15.632,16.14
1617,58.196,62.211,16.14,16.648
1616,58.196,62.211,16.648,17.156
1615,58.196,62.211,17.156,17.664
1614,58.196,62.211,17.664,18.172
1613,58.196,62.211,18.172,18.68
1612,58.196,62.211,18.68,19.188
1611,58.196,62.211,19.188,19.696
1610,58.196,62.211,19.696,20.204
1609,58.196,62.211,20.204,20.712
1608,58.196,62.211,20.712,21.22
1607,58.196,62.211,21.22,21.728
1606,58.196,62.211,21.728,22.236
1605,58.196,62.211,22.236,22.744
1604,58.196,62.211,22.744,23.252
1603,58.196,62.211,23.252,23.76
1602,58.196,62.211,23.76,24.268
1601,58.196,62.211,24.268,24.776
1748,62.211,66.227,0.392,0.9
1747,62.211,66.227,0.9,1.408
1746,62.211,66.227,1.408,1.916
1745,62.211,66.227,1.916,2.424
1744,62.211,66.227,2.424,2.932
1743,62.211,66.227,2.932,3.44
1742,62.211,66.227,3.44,3.948
1741,62.211,66.227,3.948,4.456
1740,62.211,66.227,4.456,4.964
1739,62.211,66.227,4.964,5.472
1738,62.211,66.227,5.472,5.98
1737,62.211,66.227,5.98,6.488
1736,62.211,66.227,6.488,6.996
1735,62.211,66.227,6.996,7.504
1734,62.211,66.227,7.504,8.012
1733,62.211,66.227,8.012,8.52
1732,62.211,66.227,8.52,9.028
1731,62.211,66.227,9.028,9.536
1730,62.211,66.227,9.536,10.044
1729,62.211,66.227,10.044,10.552
1728,62.211,66.227,10.552,11.06
1727,62.211,66.227,11.06,11.568
1726,62.211,66.227,11.568,12.076
1725,62.211,66.227,12.076,12.584
1724,62.211,66.227,12.584,13.092
1723,62.211,66.227,13.092,13.6
1722,62.211,66.227,13.6,14.108
1721,62.211,66.227,14.108,14.616
1720,62.211,66.227,14.616,15.124
1719,62.211,66.227,15.124,15.632
1718,62.211,66.227,15.632,16.14
1717,62.211,66.227,16.14,16.648
1716,62.211,66.227,16.648,17.156
1715,62.211,66.227,17.156,17.664
1714,62.211,66.227,17.664,18.172
1713,62.211,66.227,18.172,18.68
1712,62.211,66.227,18.68,19.188
1711,62.211,66.227,19.188,19.696
1710,62.211,66.227,19.696,20.204
1709,62.211,66.227,20.204,20.712
1708,62.211,66.227,20.712,21.22
1707,62.211,66.227,21.22,21.728
1706,62.211,66.227,21.728,22.236
1705,62.211,66.227,22.236,22.744
1704,62.211,66.227,22.744,23.252
1703,62.211,66.227,23.252,23.76
1702,62.211,66.227,23.76,24.268
1701,62.211,66.227,24.268,24.776
1848,66.227,70.243,0.392,0.9
1847,66.227,70.243,0.9,1.408
1846,66.227,70.243,1.408,1.916
1845,66.227,70.243,1.916,2.424
1844,66.227,70.243,2.424,2.932
1843,66.227,70.243,2.932,3.44
1842,66.227,70.243,3.44,3.948
1841,66.227,70.243,3.948,4.456
1840,66.227,70.243,4.456,4.964
1839,66.227,70.243,4.964,5.472
1838,66.227,70.243,5.472,5.98
1837,66.227,70.243,5.98,6.488
1836,66.227,70.243,6.488,6.996
1835,66.227,70.243,6.996,7.504
1834,66.227,70.243,7.504,8.012
1833,66.227,70.243,8.012,8.52
1832,66.227,70.243,8.52,9.028
1831,66.227,70.243,9.028,9.536
1830,66.227,70.243,9.536,10.044
1829,66.227,70.243,10.044,10.552
1828,66.227,70.243,10.552,11.06
1827,66.227,70.243,11.06,11.568
1826,66.227,70.243,11.568,12.076
1825,66.227,70.243,12.076,12.584
1824,66.227,70.243,12.584,13.092
1823,66.227,70.243,13.092,13.6
1822,66.227,70.243,13.6,14.108
1821,66.227,70.243,14.108,14.616
1820,66.227,70.243,14.616,15.124
1819,66.227,70.243,15.124,15.632
1818,66.227,70.243,15.632,16.14
1817,66.227,70.243,16.14,16.648
1816,66.227,70.243,16.648,17.156
1815,66.227,70.243,17.156,17.664
1814,66.227,70.243,17.664,18.172
1813,66.227,70.243,18.172,18.68
1812,66.227,70.243,18.68,19.188
1811,66.227,70.243,19.188,19.696
1810,66.227,70.243,19.696,20.204
1809,66.227,70.243,20.204,20.712
1808,66.227,70.243,20.712,21.22
1807,66.227,70.243,21.22,21.728
1806,66.227,70.243,21.728,22.236
1805,66.227,70.243,22.236,22.744
1804,66.227,70.243,22.744,23.252
1803,66.227,70.243,23.252,23.76
1802,66.227,70.243,23.76,24.268
1801,66.227,70.243,24.268,24.776
1948,70.243,74.258,0.392,0.9
1947,70.243,74.258,0.9,1.408
1946,70.243,74.258,1.408,1.916
1945,70.243,74.258,1.916,2.424
1944,70.243,74.258,2.424,2.932
1943,70.243,74.258,2.932,3.44
1942,70.243,74.258,3.44,3.948
1941,70.243,74.258,3.948,4.456
1940,70.243,74.258,4.456,4.964
1939,70.243,74.258,4.964,5.472
1938,70.243,74.258,5.472,5.98
1937,70.243,74.258,5.98,6.488
1936,70.243,74.258,6.488,6.996
1935,70.243,74.258,6.996,7.504
1934,70.243,74.258,7.504,8.012
1933,70.243,74.258,8.012,8.52
1932,70.243,74.258,8.52,9.028
1931,70.243,74.258,9.028,9.536
1930,70.243,74.258,9.536,10.044
1929,70.243,74.258,10.044,10.552
1928,70.243,74.258,10.552,11.06
1927,70.243,74.258,11.06,11.568
1926,70.243,74.258,11.568,12.076
1925,70.243,74.258,12.076,12.584
1924,70.243,74.258,12.584,13.092
1923,70.243,74.258,13.092,13.6
1922,70.243,74.258,13.6,14.108
1921,70.243,74.258,14.108,14.616
1920,70.243,74.258,14.616,15.124
1919,70.243,74.258,15.124,15.632
1918,70.243,74.258,15.632,16.14
1917,70.243,74.258,16.14,16.648
1916,70.243,74.258,16.648,17.156
1915,70.243,74.258,17.156,17.664
1914,70.243,74.258,17.664,18.172
1913,70.243,74.258,18.172,18.68
1912,70.243,74.258,18.68,19.188
1911,70.243,74.258,19.188,19.696
1910,70.243,74.258,19.696,20.204
1909,70.243,74.258,20.204,20.712
1908,70.243,74.258,20.712,21.22
1907,70.243,74.258,21.22,21.728
1906,70.243,74.258,21.728,22.236
1905,70.243,74.258,22.236,22.744
1904,70.243,74.258,22.744,23.252
1903,70.243,74.258,23.252,23.76
1902,70.243,74.258,23.76,24.268
1901,70.243,74.258,24.268,24.776
2048,74.258,78.274,0.392,0.9
2047,74.258,78.274,0.9,1.408
2046,74.258,78.274,1.408,1.916
2045,74.258,78.274,1.916,2.424
2044,74.258,78.274,2.424,2.932
2043,74.258,78.274,2.932,3.44
2042,74.258,78.274,3.44,3.948
2041,74.258,78.274,3.948,4.456
2040,74.258,78.274,4.456,4.964
2039,74.258,78.274,4.964,5.472
2038,74.258,78.274,5.472,5.98
2037,74.258,78.274,5.98,6.488
2036,74.258,78.274,6.488,6.996
2035,74.258,78.274,6.996,7.504
2034,74.258,78.274,7.504,8.012
2033,74.258,78.274,8.012,8.52
2032,74.258,78.274,8.52,9.028
2031,74.258,78.274,9.028,9.536
2030,74.258,78.274,9.536,10.044
2029,74.258,78.274,10.044,10.552
2028,74.258,78.274,10.552,11.06
2027,74.258,78.274,11.06,11.568
2026,74.258,78.274,11.568,12.076
2025,74.258,78.274,12.076,12.584
2024,74.258,78.274,12.584,13.092
2023,74.258,78.274,13.092,13.6
2022,74.258,78.274,13.6,14.108
2021,74.258,78.274,14.108,14.616
2020,74.258,78.274,14.616,15.124
2019,74.258,78.274,15.124,15.632
2018,74.258,78.274,15.632,16.14
2017,74.258,78.274,16.14,16.648
2016,74.258,78.274,16.648,17.156
2015,74.258,78.274,17.156,17.664
2014,74.258,78.274,17.664,18.172
2013,74.258,78.274,18.172,18.68
2012,74.258,78.274,18.68,19.188
2011,74.258,78.274,19.188,19.696
2010,74.258,78.274,19.696,20.204
2009,74.258,78.274,20.204,20.712
2008,74.258,78.274,20.712,21.22
2007,74.258,78.274,21.22,21.728
2006,74.258,78.274,21.728,22.236
2005,74.258,78.274,22.236,22.744
2004,74.258,78.274,22.744,23.252
2003,74.258,78.274,23.252,23.76
2002,74.258,78.274,23.76,24.268
2001,74.258,78.274,24.268,24.776
2148,78.274,82.29,0.392,0.9
2147,78.274,82.29,0.9,1.408
2146,78.274,82.29,1.408,1.916
2145,78.274,82.29,1.916,2.424
2144,78.274,82.29,2.424,2.932
2143,78.274,82.29,2.932,3.44
2142,78.274,82.29,3.44,3.948
2141,78.274,82.29,3.948,4.456
2140,78.274,82.29,4.456,4.964
2139,78.274,82.29,4.964,5.472
2138,78.274,82.29,5.472,5.98
2137,78.274,82.29,5.98,6.488
2136,78.274,82.29,6.488,6.996
2135,78.274,82.29,6.996,7.504
2134,78.274,82.29,7.504,8.012
2133,78.274,82.29,8.012,8.52
2132,78.274,82.29,8.52,9.028
2131,78.274,82.29,9.028,9.536
2130,78.274,82.29,9.536,10.044
2129,78.274,82.29,10.044,10.552
2128,78.274,82.29,10.552,11.06
2127,78.274,82.29,11.06,11.568
2126,78.274,82.29,11.568,12.076
2125,78.274,82.29,12.076,12.584
2124,78.274,82.29,12.584,13.092
2123,78.274,82.29,13.092,13.6
2122,78.274,82.29,13.6,14.108
2121,78.274,82.29,14.108,14.616
2120,78.274,82.29,14.616,15.124
2119,78.274,82.29,15.124,15.632
2118,78.274,82.29,15.632,16.14
2117,78.274,82.29,16.14,16.648
2116,78.274,82.29,16.648,17.156
2115,78.274,82.29,17.156,17.664
2114,78.274,82.29,17.664,18.172
2113,78.274,82.29,18.172,18.68
2112,78.274,82.29,18.68,19.188
2111,78.274,82.29,19.188,19.696
2110,78.274,82.29,19.696,20.204
2109,78.274,82.29,20.204,20.712
2108,78.274,82.29,20.712,21.22
2107,78.274,82.29,21.22,21.728
2106,78.274,82.29,21.728,22.236
2105,78.274,82.29,22.236,22.744
2104,78.274,82.29,22.744,23.252
2103,78.274,82.29,23.252,23.76
2102,78.274,82.29,23.76,24.268
2101,78.274,82.29,24.268,24.776
2248,82.29,86.305,0.392,0.9
2247,82.29,86.305,0.9,1.408
2246,82.29,86.305,1.408,1.916
2245,82.29,86.305,1.916,2.424
2244,82.29,86.305,2.424,2.932
2243,82.29,86.305,2.932,3.44
2242,82.29,86.305,3.44,3.948
2241,82.29,86.305,3.948,4.456
2240,82.29,86.305,4.456,4.964
2239,82.29,86.305,4.964,5.472
2238,82.29,86.305,5.472,5.98
2237,82.29,86.305,5.98,6.488
2236,82.29,86.305,6.488,6.996
2235,82.29,86.305,6.996,7.504
2234,82.29,86.305,7.504,8.012
2233,82.29,86.305,8.012,8.52
2232,82.29,86.305,8.52,9.028
2231,82.29,86.305,9.028,9.536
2230,82.29,86.305,9.536,10.044
2229,82.29,86.305,10.044,10.552
2228,82.29,86.305,10.552,11.06
2227,82.29,86.305,11.06,11.568
2226,82.29,86.305,11.568,12.076
2225,82.29,86.305,12.076,12.584
2224,82.29,86.305,12.584,13.092
2223,82.29,86.305,13.092,13.6
2222,82.29,86.305,13.6,14.108
2221,82.29,86.305,14.108,14.616
2220,82.29,86.305,14.616,15.124
2219,82.29,86.305,15.124,15.632
2218,82.29,86.305,15.632,16.14
2217,82.29,86.305,16.14,16.648
2216,82.29,86.305,16.648,17.156
2215,82.29,86.305,17.156,17.664
2214,82.29,86.305,17.664,18.172
2213,82.29,86.305,18.172,18.68
2212,82.29,86.305,18.68,19.188
2211,82.29,86.305,19.188,19.696
2210,82.29,86.305,19.696,20.204
2209,82.29,86.305,20.204,20.712
2208,82.29,86.305,20.712,21.22
2207,82.29,86.305,21.22,21.728
2206,82.29,86.305,21.728,22.236
2205,82.29,86.305,22.236,22.744
2204,82.29,86.305,22.744,23.252
2203,82.29,86.305,23.252,23.76
2202,82.29,86.305,23.76,24.268
2201,82.29,86.305,24.268,24.776
2348,86.305,90.321,0.392,0.9
2347,86.305,90.321,0.9,1.408
2346,86.305,90.321,1.408,1.916
2345,86.305,90.321,1.916,2.424
2344,86.305,90.321,2.424,2.932
2343,86.305,90.321,2.932,3.44
2342,86.305,90.321,3.44,3.948
2341,86.305,90.321,3.948,4.456
2340,86.305,90.321,4.456,4.964
2339,86.305,90.321,4.964,5.472
2338,86.305,90.321,5.472,5.98
2337,86.305,90.321,5.98,6.488
2336,86.305,90.321,6.488,6.996
2335,86.305,90.321,6.996,7.504
2334,86.305,90.321,7.504,8.012
2333,86.305,90.321,8.012,8.52
2332,86.305,90.321,8.52,9.028
2331,86.305,90.321,9.028,9.536
2330,86.305,90.321,9.536,10.044
2329,86.305,90.321,10.044,10.552
2328,86.305,90.321,10.552,11.06
2327,86.305,90.321,11.06,11.568
2326,86.305,90.321,11.568,12.076
2325,86.305,90.321,12.076,12.584
2324,86.305,90.321,12.584,13.092
2323,86.305,90.321,13.092,13.6
2322,86.305,90.321,13.6,14.108
2321,86.305,90.321,14.108,14.616
2320,86.305,90.321,14.616,15.124
2319,86.305,90.321,15.124,15.632
2318,86.305,90.321,15.632,16.14
2317,86.305,90.321,16.14,16.648
2316,86.305,90.321,16.648,17.156
2315,86.305,90.321,17.156,17.664
2314,86.305,90.321,17.664,18.172
2313,86.305,90.321,18.172,18.68
2312,86.305,90.321,18.68,19.188
2311,86.305,90.321,19.188,19.696
2310,86.305,90.321,19.696,20.204
2309,86.305,90.321,20.204,20.712
2308,86.305,90.321,20.712,21.22
2307,86.305,90.321,21.22,21.728
2306,86.305,90.321,21.728,22.236
2305,86.305,90.321,22.236,22.744
2304,86.305,90.321,22.744,23.252
2303,86.305,90.321,23.252,23.76
2302,86.305,90.321,23.76,24.268
2301,86.305,90.321,24.268,24.776
2448,90.321,94.336,0.392,0.9
2447,90.321,94.336,0.9,1.408
2446,90.321,94.336,1.408,1.916
2445,90.321,94.336,1.916,2.424
2444,90.321,94.336,2.424,2.932
2443,90.321,94.336,2.932,3.44
2442,90.321,94.336,3.44,3.948
2441,90.321,94.336,3.948,4.456
2440,90.321,94.336,4.456,4.964
2439,90.321,94.336,4.964,5.472
2438,90.321,94.336,5.472,5.98
2437,90.321,94.336,5.98,6.488
2436,90.321,94.336,6.488,6.996
2435,90.321,94.336,6.996,7.504
2434,90.321,94.336,7.504,8.012
2433,90.321,94.336,8.012,8.52
2432,90.321,94.336,8.52,9.028
2431,90.321,94.336,9.028,9.536
2430,90.321,94.336,9.536,10.044
2429,90.321,94.336,10.044,10.552
2428,90.321,94.336,10.552,11.06
2427,90.321,94.336,11.06,11.568
2426,90.321,94.336,11.568,12.076
2425,90.321,94.336,12.076,12.584
2424,90.321,94.336,12.584,13.092
2423,90.321,94.336,13.092,13.6
2422,90.321,94.336,13.6,14.108
2421,90.321,94.336,14.108,14.616
2420,90.321,94.336,14.616,15.124
2419,90.321,94.336,15.124,15.632
2418,90.321,94.336,15.632,16.14
2417,90.321,94.336,16.14,16.648
2416,90.321,94.336,16.648,17.156
2415,90.321,94.336,17.156,17.664
2414,90.321,94.336,17.664,18.172
2413,90.321,94.336,18.172,18.68
2412,90.321,94.336,18.68,19.188
2411,90.321,94.336,19.188,19.696
2410,90.321,94.336,19.696,20.204
2409,90.321,94.336,20.204,20.712
2408,90.321,94.336,20.712,21.22
2407,90.321,94.336,21.22,21.728
2406,90.321,94.336,21.728,22.236
2405,90.321,94.336,22.236,22.744
2404,90.321,94.336,22.744,23.252
2403,90.321,94.336,23.252,23.76
2402,90.321,94.336,23.76,24.268
2401,90.321,94.336,24.268,24.776
2548,94.336,98.352,0.392,0.9
2547,94.336,98.352,0.9,1.408
2546,94.336,98.352,1.408,1.916
2545,94.336,98.352,1.916,2.424
2544,94.336,98.352,2.424,2.932
2543,94.336,98.352,2.932,3.44
2542,94.336,98.352,3.44,3.948
2541,94.336,98.352,3.948,4.456
2540,94.336,98.352,4.456,4.964
2539,94.336,98.352,4.964,5.472
2538,94.336,98.352,5.472,5.98
2537,94.336,98.352,5.98,6.488
2536,94.336,98.352,6.488,6.996
2535,94.336,98.352,6.996,7.504
2534,94.336,98.352,7.504,8.012
2533,94.336,98.352,8.012,8.52
2532,94.336,98.352,8.52,9.028
2531,94.336,98.352,9.028,9.536
2530,94.336,98.352,9.536,10.044
2529,94.336,98.352,10.044,10.552
2528,94.336,98.352,10.552,11.06
2527,94.336,98.352,11.06,11.568
2526,94.336,98.352,11.568,12.076
2525,94.336,98.352,12.076,12.584
2524,94.336,98.352,12.584,13.092
2523,94.336,98.352,13.092,13.6
2522,94.336,98.352,13.6,14.108
2521,94.336,98.352,14.108,14.616
2520,94.336,98.352,14.616,15.124
2519,94.336,98.352,15.124,15.632
2518,94.336,98.352,15.632,16.14
2517,94.336,98.352,16.14,16.648
2516,94.336,98.352,16.648,17.156
2515,94.336,98.352,17.156,17.664
2514,94.336,98.352,17.664,18.172
2513,94.336,98.352,18.172,18.68
2512,94.336,98.352,18.68,19.188
2511,94.336,98.352,19.188,19.696
2510,94.336,98.352,19.696,20.204
2509,94.336,98.352,20.204,20.712
2508,94.336,98.352,20.712,21.22
2507,94.336,98.352,21.22,21.728
2506,94.336,98.352,21.728,22.236
2505,94.336,98.352,22.236,22.744
2504,94.336,98.352,22.744,23.252
2503,94.336,98.352,23.252,23.76
2502,94.336,98.352,23.76,24.268
2501,94.336,98.352,24.268,24.776
2648,98.352,102.368,0.392,0.9
2647,98.352,102.368,0.9,1.408
2646,98.352,102.368,1.408,1.916
2645,98.352,102.368,1.916,2.424
2644,98.352,102.368,2.424,2.932
2643,98.352,102.368,2.932,3.44
2642,98.352,102.368,3.44,3.948
2641,98.352,102.368,3.948,4.456
2640,98.352,102.368,4.456,4.964
2639,98.352,102.368,4.964,5.472
2638,98.352,102.368,5.472,5.98
2637,98.352,102.368,5.98,6.488
2636,98.352,102.368,6.488,6.996
2635,98.352,102.368,6.996,7.504
2634,98.352,102.368,7.504,8.012
2633,98.352,102.368,8.012,8.52
2632,98.352,102.368,8.52,9.028
2631,98.352,102.368,9.028,9.536
2630,98.352,102.368,9.536,10.044
2629,98.352,102.368,10.044,10.552
2628,98.352,102.368,10.552,11.06
2627,98.352,102.368,11.06,11.568
2626,98.352,102.368,11.568,12.076
2625,98.352,102.368,12.076,12.584
2624,98.352,102.368,12.584,13.092
2623,98.352,102.368,13.092,13.6
2622,98.352,102.368,13.6,14.108
2621,98.352,102.368,14.108,14.616
2620,98.352,102.368,14.616,15.124
2619,98.352,102.368,15.124,15.632
2618,98.352,102.368,15.632,16.14
2617,98.352,102.368,16.14,16.648
2616,98.352,102.368,16.648,17.156
2615,98.352,102.368,17.156,17.664
2614,98.352,102.368,17.664,18.172
2613,98.352,102.368,18.172,18.68
2612,98.352,102.368,18.68,19.188
2611,98.352,102.368,19.188,19.696
2610,98.352,102.368,19.696,20.204
2609,98.352,102.368,20.204,20.712
2608,98.352,102.368,20.712,21.22
2607,98.352,102.368,21.22,21.728
2606,98.352,102.368,21.728,22.236
2605,98.352,102.368,22.236,22.744
2604,98.352,102.368,22.744,23.252
2603,98.352,102.368,23.252,23.76
2602,98.352,102.368,23.76,24.268
2601,98.352,102.368,24.268,24.776
2748,102.368,106.383,0.392,0.9
2747,102.368,106.383,0.9,1.408
2746,102.368,106.383,1.408,1.916
2745,102.368,106.383,1.916,2.424
2744,102.368,106.383,2.424,2.932
2743,102.368,106.383,2.932,3.44
2742,102.368,106.383,3.44,3.948
2741,102.368,106.383,3.948,4.456
2740,102.368,106.383,4.456,4.964
2739,102.368,106.383,4.964,5.472
2738,102.368,106.383,5.472,5.98
2737,102.368,106.383,5.98,6.488
2736,102.368,106.383,6.488,6.996
2735,102.368,106.383,6.996,7.504
2734,102.368,106.383,7.504,8.012
2733,102.368,106.383,8.012,8.52
2732,102.368,106.383,8.52,9.028
2731,102.368,106.383,9.028,9.536
2730,102.368,106.383,9.536,10.044
2729,102.368,106.383,10.044,10.552
2728,102.368,106.383,10.552,11.06
2727,102.368,106.383,11.06,11.568
2726,102.368,106.383,11.568,12.076
2725,102.368,106.383,12.076,12.584
2724,102.368,106.383,12.584,13.092
2723,102.368,106.383,13.092,13.6
2722,102.368,106.383,13.6,14.108
2721,102.368,106.383,14.108,14.616
2720,102.368,106.383,14.616,15.124
2719,102.368,106.383,15.124,15.632
2718,102.368,106.383,15.632,16.14
2717,102.368,106.383,16.14,16.648
2716,102.368,106.383,16.648,17.156
2715,102.368,106.383,17.156,17.664
2714,102.368,106.383,17.664,18.172
2713,102.368,106.383,18.172,18.68
2712,102.368,106.383,18.68,19.188
2711,102.368,106.383,19.188,19.696
2710,102.368,106.383,19.696,20.204
2709,102.368,106.383,20.204,20.712
2708,102.368,106.383,20.712,21.22
2707,102.368,106.383,21.22,21.728
2706,102.368,106.383,21.728,22.236
2705,102.368,106.383,22.236,22.744
2704,102.368,106.383,22.744,23.252
2703,102.368,106.383,23.252,23.76
2702,102.368,106.383,23.76,24.268
2701,102.368,106.383,24.268,24.776
2848,106.383,110.399,0.392,0.9
2847,106.383,110.399,0.9,1.408
2846,106.383,110.399,1.408,1.916
2845,106.383,110.399,1.916,2.424
2844,106.383,110.399,2.424,2.932
2843,106.383,110.399,2.932,3.44
2842,106.383,110.399,3.44,3.948
2841,106.383,110.399,3.948,4.456
2840,106.383,110.399,4.456,4.964
2839,106.383,110.399,4.964,5.472
2838,106.383,110.399,5.472,5.98
2837,106.383,110.399,5.98,6.488
2836,106.383,110.399,6.488,6.996
2835,106.383,110.399,6.996,7.504
2834,106.383,110.399,7.504,8.012
2833,106.383,110.399,8.012,8.52
2832,106.383,110.399,8.52,9.028
2831,106.383,110.399,9.028,9.536
2830,106.383,110.399,9.536,10.044
2829,106.383,110.399,10.044,10.552
2828,106.383,110.399,10.552,11.06
2827,106.383,110.399,11.06,11.568
2826,106.383,110.399,11.568,12.076
2825,106.383,110.399,12.076,12.584
2824,106.383,110.399,12.584,13.092
2823,106.383,110.399,13.092,13.6
2822,106.383,110.399,13.6,14.108
2821,106.383,110.399,14.108,14.616
2820,106.383,110.399,14.616,15.124
2819,106.383,110.399,15.124,15.632
2818,106.383,110.399,15.632,16.14
2817,106.383,110.399,16.14,16.648
2816,106.383,110.399,16.648,17.156
2815,106.383,110.399,17.156,17.664
2814,106.383,110.399,17.664,18.172
2813,106.383,110.399,18.172,18.68
2812,106.383,110.399,18.68,19.188
2811,106.383,110.399,19.188,19.696
2810,106.383,110.399,19.696,20.204
2809,106.383,110.399,20.204,20.712
2808,106.383,110.399,20.712,21.22
2807,106.383,110.399,21.22,21.728
2806,106.383,110.399,21.728,22.236
2805,106.383,110.399,22.236,22.744
2804,106.383,110.399,22.744,23.252
2803,106.383,110.399,23.252,23.76
2802,106.383,110.399,23.76,24.268
2801,106.383,110.399,24.268,24.776
2948,110.399,114.414,0.392,0.9
2947,110.399,114.414,0.9,1.408
2946,110.399,114.414,1.408,1.916
2945,110.399,114.414,1.916,2.424
2944,110.399,114.414,2.424,2.932
2943,110.399,114.414,2.932,3.44
2942,110.399,114.414,3.44,3.948
2941,110.399,114.414,3.948,4.456
2940,110.399,114.414,4.456,4.964
2939,110.399,114.414,4.964,5.472
2938,110.399,114.414,5.472,5.98
2937,110.399,114.414,5.98,6.488
2936,110.399,114.414,6.488,6.996
2935,110.399,114.414,6.996,7.504
2934,110.399,114.414,7.504,8.012
2933,110.399,114.414,8.012,8.52
2932,110.399,114.414,8.52,9.028
2931,110.399,114.414,9.028,9.536
2930,110.399,114.414,9.536,10.044
2929,110.399,114.414,10.044,10.552
2928,110.399,114.414,10.552,11.06
2927,110.399,114.414,11.06,11.568
2926,110.399,114.414,11.568,12.076
2925,110.399,114.414,12.076,12.584
2924,110.399,114.414,12.584,13.092
2923,110.399,114.414,13.092,13.6
2922,110.399,114.414,13.6,14.108
2921,110.399,114.414,14.108,14.616
2920,110.399,114.414,14.616,15.124
2919,110.399,114.414,15.124,15.632
2918,110.399,114.414,15.632,16.14
2917,110.399,114.414,16.14,16.648
2916,110.399,114.414,16.648,17.156
2915,110.399,114.414,17.156,17.664
2914,110.399,114.414,17.664,18.172
2913,110.399,114.414,18.172,18.68
2912,110.399,114.414,18.68,19.188
2911,110.399,114.414,19.188,19.696
2910,110.399,114.414,19.696,20.204
2909,110.399,114.414,20.204,20.712
2908,110.399,114.414,20.712,21.22
2907,110.399,114.414,21.22,21.728
2906,110.399,114.414,21.728,22.236
2905,110.399,114.414,22.236,22.744
2904,110.399,114.414,22.744,23.252
2903,110.399,114.414,23.252,23.76
2902,110.399,114.414,23.76,24.268
2901,110.399,114.414,24.268,24.776
3048,114.414,118.43,0.392,0.9
3047,114.414,118.43,0.9,1.408
3046,114.414,118.43,1.408,1.916
3045,114.414,118.43,1.916,2.424
3044,114.414,118.43,2.424,2.932
3043,114.414,118.43,2.932,3.44
3042,114.414,118.43,3.44,3.948
3041,114.414,118.43,3.948,4.456
3040,114.414,118.43,4.456,4.964
3039,114.414,118.43,4.964,5.472
3038,114.414,118.43,5.472,5.98
3037,114.414,118.43,5.98,6.488
3036,114.414,118.43,6.488,6.996
3035,114.414,118.43,6.996,7.504
3034,114.414,118.43,7.504,8.012
3033,114.414,118.43,8.012,8.52
3032,114.414,118.43,8.52,9.028
3031,114.414,118.43,9.028,9.536
3030,114.414,118.43,9.536,10.044
3029,114.414,118.43,10.044,10.552
3028,114.414,118.43,10.552,11.06
3027,114.414,118.43,11.06,11.568
3026,114.414,118.43,11.568,12.076
3025,114.414,118.43,12.076,12.584
3024,114.414,118.43,12.584,13.092
3023,114.414,118.43,13.092,13.6
3022,114.414,118.43,13.6,14.108
3021,114.414,118.43,14.108,14.616
3020,114.414,118.43,14.616,15.124
3019,114.414,118.43,15.124,15.632
3018,114.414,118.43,15.632,16.14
3017,114.414,118.43,16.14,16.648
3016,114.414,118.43,16.648,17.156
3015,114.414,118.43,17.156,17.664
3014,114.414,118.43,17.664,18.172
3013,114.414,118.43,18.172,18.68
3012,114.414,118.43,18.68,19.188
3011,114.414,118.43,19.188,19.696
3010,114.414,118.43,19.696,20.204
3009,114.414,118.43,20.204,20.712
3008,114.414,118.43,20.712,21.22
3007,114.414,118.43,21.22,21.728
3006,114.414,118.43,21.728,22.236
3005,114.414,118.43,22.236,22.744
3004,114.414,118.43,22.744,23.252
3003,114.414,118.43,23.252,23.76
3002,114.414,118.43,23.76,24.268
3001,114.414,118.43,24.268,24.776
3148,118.43,122.446,0.392,0.9
3147,118.43,122.446,0.9,1.408
3146,118.43,122.446,1.408,1.916
3145,118.43,122.446,1.916,2.424
3144,118.43,122.446,2.424,2.932
3143,118.43,122.446,2.932,3.44
3142,118.43,122.446,3.44,3.948
3141,118.43,122.446,3.948,4.456
3140,118.43,122.446,4.456,4.964
3139,118.43,122.446,4.964,5.472
3138,118.43,122.446,5.472,5.98
3137,118.43,122.446,5.98,6.488
3136,118.43,122.446,6.488,6.996
3135,118.43,122.446,6.996,7.504
3134,118.43,122.446,7.504,8.012
3133,118.43,122.446,8.012,8.52
3132,118.43,122.446,8.52,9.028
3131,118.43,122.446,9.028,9.536
3130,118.43,122.446,9.536,10.044
3129,118.43,122.446,10.044,10.552
3128,118.43,122.446,10.552,11.06
3127,118.43,122.446,11.06,11.568
3126,118.43,122.446,11.568,12.076
3125,118.43,122.446,12.076,12.584
3124,118.43,122.446,12.584,13.092
3123,118.43,122.446,13.092,13.6
3122,118.43,122.446,13.6,14.108
3121,118.43,122.446,14.108,14.616
3120,118.43,122.446,14.616,15.124
3119,118.43,122.446,15.124,15.632
3118,118.43,122.446,15.632,16.14
3117,118.43,122.446,16.14,16.648
3116,118.43,122.446,16.648,17.156
3115,118.43,122.446,17.156,17.664
3114,118.43,122.446,17.664,18.172
3113,118.43,122.446,18.172,18.68
3112,118.43,122.446,18.68,19.188
3111,118.43,122.446,19.188,19.696
3110,118.43,122.446,19.696,20.204
3109,118.43,122.446,20.204,20.712
3108,118.43,122.446,20.712,21.22
3107,118.43,122.446,21.22,21.728
3106,118.43,122.446,21.728,22.236
3105,118.43,122.446,22.236,22.744
3104,118.43,122.446,22.744,23.252
3103,118.43,122.446,23.252,23.76
3102,118.43,122.446,23.76,24.268
3101,118.43,122.446,24.268,24.776
3248,122.446,126.461,0.392,0.9
3247,122.446,126.461,0.9,1.408
3246,122.446,126.461,1.408,1.916
3245,122.446,126.461,1.916,2.424
3244,122.446,126.461,2.424,2.932
3243,122.446,126.461,2.932,3.44
3242,122.446,126.461,3.44,3.948
3241,122.446,126.461,3.948,4.456
3240,122.446,126.461,4.456,4.964
3239,122.446,126.461,4.964,5.472
3238,122.446,126.461,5.472,5.98
3237,122.446,126.461,5.98,6.488
3236,122.446,126.461,6.488,6.996
3235,122.446,126.461,6.996,7.504
3234,122.446,126.461,7.504,8.012
3233,122.446,126.461,8.012,8.52
3232,122.446,126.461,8.52,9.028
3231,122.446,126.461,9.028,9.536
3230,122.446,126.461,9.536,10.044
3229,122.446,126.461,10.044,10.552
3228,122.446,126.461,10.552,11.06
3227,122.446,126.461,11.06,11.568
3226,122.446,126.461,11.568,12.076
3225,122.446,126.461,12.076,12.584
3224,122.446,126.461,12.584,13.092
3223,122.446,126.461,13.092,13.6
3222,122.446,126.461,13.6,14.108
3221,122.446,126.461,14.108,14.616
3220,122.446,126.461,14.616,15.124
3219,122.446,126.461,15.124,15.632
3218,122.446,126.461,15.632,16.14
3217,122.446,126.461,16.14,16.648
3216,122.446,126.461,16.648,17.156
3215,122.446,126.461,17.156,17.664
3214,122.446,126.461,17.664,18.172
3213,122.446,126.461,18.172,18.68
3212,122.446,126.461,18.68,19.188
3211,122.446,126.461,19.188,19.696
3210,122.446,126.461,19.696,20.204
3209,122.446,126.461,20.204,20.712
3208,122.446,126.461,20.712,21.22
3207,122.446,126.461,21.22,21.728
3206,122.446,126.461,21.728,22.236
3205,122.446,126.461,22.236,22.744
3204,122.446,126.461,22.744,23.252
3203,122.446,126.461,23.252,23.76
3202,122.446,126.461,23.76,24.268
3201,122.446,126.461,24.268,24.776
3348,126.461,130.477,0.392,0.9
3347,126.461,130.477,0.9,1.408
3346,126.461,130.477,1.408,1.916
3345,126.461,130.477,1.916,2.424
3344,126.461,130.477,2.424,2.932
3343,126.461,130.477,2.932,3.44
3342,126.461,130.477,3.44,3.948
3341,126.461,130.477,3.948,4.456
3340,126.461,130.477,4.456,4.964
3339,126.461,130.477,4.964,5.472
3338,126.461,130.477,5.472,5.98
3337,126.461,130.477,5.98,6.488
3336,126.461,130.477,6.488,6.996
3335,126.461,130.477,6.996,7.504
3334,126.461,130.477,7.504,8.012
3333,126.461,130.477,8.012,8.52
3332,126.461,130.477,8.52,9.028
3331,126.461,130.477,9.028,9.536
3330,126.461,130.477,9.536,10.044
3329,126.461,130.477,10.044,10.552
3328,126.461,130.477,10.552,11.06
3327,126.461,130.477,11.06,11.568
3326,126.461,130.477,11.568,12.076
3325,126.461,130.477,12.076,12.584
3324,126.461,130.477,12.584,13.092
3323,126.461,130.477,13.092,13.6
3322,126.461,130.477,13.6,14.108
3321,126.461,130.477,14.108,14.616
3320,126.461,130.477,14.616,15.124
3319,126.461,130.477,15.124,15.632
3318,126.461,130.477,15.632,16.14
3317,126.461,130.477,16.14,16.648
3316,126.461,130.477,16.648,17.156
3315,126.461,130.477,17.156,17.664
3314,126.461,130.477,17.664,18.172
3313,126.461,130.477,18.172,18.68
3312,126.461,130.477,18.68,19.188
3311,126.461,130.477,19.188,19.696
3310,126.461,130.477,19.696,20.204
3309,126.461,130.477,20.204,20.712
3308,126.461,130.477,20.712,21.22
3307,126.461,130.477,21.22,21.728
3306,126.461,130.477,21.728,22.236
3305,126.461,130.477,22.236,22.744
3304,126.461,130.477,22.744,23.252
3303,126.461,130.477,23.252,23.76
3302,126.461,130.477,23.76,24.268
3301,126.461,130.477,24.268,24.776
3448,130.477,134.492,0.392,0.9
3447,130.477,134.492,0.9,1.408
3446,130.477,134.492,1.408,1.916
3445,130.477,134.492,1.916,2.424
3444,130.477,134.492,2.424,2.932
3443,130.477,134.492,2.932,3.44
3442,130.477,134.492,3.44,3.948
3441,130.477,134.492,3.948,4.456
3440,130.477,134.492,4.456,4.964
3439,130.477,134.492,4.964,5.472
3438,130.477,134.492,5.472,5.98
3437,130.477,134.492,5.98,6.488
3436,130.477,134.492,6.488,6.996
3435,130.477,134.492,6.996,7.504
3434,130.477,134.492,7.504,8.012
3433,130.477,134.492,8.012,8.52
3432,130.477,134.492,8.52,9.028
3431,130.477,134.492,9.028,9.536
3430,130.477,134.492,9.536,10.044
3429,130.477,134.492,10.044,10.552
3428,130.477,134.492,10.552,11.06
3427,130.477,134.492,11.06,11.568
3426,130.477,134.492,11.568,12.076
3425,130.477,134.492,12.076,12.584
3424,130.477,134.492,12.584,13.092
3423,130.477,134.492,13.092,13.6
3422,130.477,134.492,13.6,14.108
3421,130.477,134.492,14.108,14.616
3420,130.477,134.492,14.616,15.124
3419,130.477,134.492,15.124,15.632
3418,130.477,134.492,15.632,16.14
3417,130.477,134.492,16.14,16.648
3416,130.477,134.492,16.648,17.156
3415,130.477,134.492,17.156,17.664
3414,130.477,134.492,17.664,18.172
3413,130.477,134.492,18.172,18.68
3412,130.477,134.492,18.68,19.188
3411,130.477,134.492,19.188,19.696
3410,130.477,134.492,19.696,20.204
3409,130.477,134.492,20.204,20.712
3408,130.477,134.492,20.712,21.22
3407,130.477,134.492,21.22,21.728
3406,130.477,134.492,21.728,22.236
3405,130.477,134.492,22.236,22.744
3404,130.477,134.492,22.744,23.252
3403,130.477,134.492,23.252,23.76
3402,130.477,134.492,23.76,24.268
3401,130.477,134.492,24.268,24.776
3548,134.492,138.508,0.392,0.9
3547,134.492,138.508,0.9,1.408
3546,134.492,138.508,1.408,1.916
3545,134.492,138.508,1.916,2.424
3544,134.492,138.508,2.424,2.932
3543,134.492,138.508,2.932,3.44
3542,134.492,138.508,3.44,3.948
3541,134.492,138.508,3.948,4.456
3540,134.492,138.508,4.456,4.964
3539,134.492,138.508,4.964,5.472
3538,134.492,138.508,5.472,5.98
3537,134.492,138.508,5.98,6.488
3536,134.492,138.508,6.488,6.996
3535,134.492,138.508,6.996,7.504
3534,134.492,138.508,7.504,8.012
3533,134.492,138.508,8.012,8.52
3532,134.492,138.508,8.52,9.028
3531,134.492,138.508,9.028,9.536
3530,134.492,138.508,9.536,10.044
3529,134.492,138.508,10.044,10.552
3528,134.492,138.508,10.552,11.06
3527,134.492,138.508,11.06,11.568
3526,134.492,138.508,11.568,12.076
3525,134.492,138.508,12.076,12.584
3524,134.492,138.508,12.584,13.092
3523,134.492,138.508,13.092,13.6
3522,134.492,138.508,13.6,14.108
3521,134.492,138.508,14.108,14.616
3520,134.492,138.508,14.616,15.124
3519,134.492,138.508,15.124,15.632
3518,134.492,138.508,15.632,16.14
3517,134.492,138.508,16.14,16.648
3516,134.492,138.508,16.648,17.156
3515,134.492,138.508,17.156,17.664
3514,134.492,138.508,17.664,18.172
3513,134.492,138.508,18.172,18.68
3512,134.492,138.508,18.68,19.188
3511,134.492,138.508,19.188,19.696
3510,134.492,138.508,19.696,20.204
3509,134.492,138.508,20.204,20.712
3508,134.492,138.508,20.712,21.22
3507,134.492,138.508,21.22,21.728
3506,134.492,138.508,21.728,22.236
3505,134.492,138.508,22.236,22.744
3504,134.492,138.508,22.744,23.252
3503,134.492,138.508,23.252,23.76
3502,134.492,138.508,23.76,24.268
3501,134.492,138.508,24.268,24.776
3648,138.508,142.524,0.392,0.9
3647,138.508,142.524,0.9,1.408
3646,138.508,142.524,1.408,1.916
3645,138.508,142.524,1.916,2.424
3644,138.508,142.524,2.424,2.932
3643,138.508,142.524,2.932,3.44
3642,138.508,142.524,3.44,3.948
3641,138.508,142.524,3.948,4.456
3640,138.508,142.524,4.456,4.964
3639,138.508,142.524,4.964,5.472
3638,138.508,142.524,5.472,5.98
3637,138.508,142.524,5.98,6.488
3636,138.508,142.524,6.488,6.996
3635,138.508,142.524,6.996,7.504
3634,138.508,142.524,7.504,8.012
3633,138.508,142.524,8.012,8.52
3632,138.508,142.524,8.52,9.028
3631,138.508,142.524,9.028,9.536
3630,138.508,142.524,9.536,10.044
3629,138.508,142.524,10.044,10.552
3628,138.508,142.524,10.552,11.06
3627,138.508,142.524,11.06,11.568
3626,138.508,142.524,11.568,12.076
3625,138.508,142.524,12.076,12.584
3624,138.508,142.524,12.584,13.092
3623,138.508,142.524,13.092,13.6
3622,138.508,142.524,13.6,14.108
3621,138.508,142.524,14.108,14.616
3620,138.508,142.524,14.616,15.124
3619,138.508,142.524,15.124,15.632
3618,138.508,142.524,15.632,16.14
3617,138.508,142.524,16.14,16.648
3616,138.508,142.524,16.648,17.156
3615,138.508,142.524,17.156,17.664
3614,138.508,142.524,17.664,18.172
3613,138.508,142.524,18.172,18.68
3612,138.508,142.524,18.68,19.188
3611,138.508,142.524,19.188,19.696
3610,138.508,142.524,19.696,20.204
3609,138.508,142.524,20.204,20.712
3608,138.508,142.524,20.712,21.22
3607,138.508,142.524,21.22,21.728
3606,138.508,142.524,21.728,22.236
3605,138.508,142.524,22.236,22.744
3604,138.508,142.524,22.744,23.252
3603,138.508,142.524,23.252,23.76
3602,138.508,142.524,23.76,24.268
3601,138.508,142.524,24.268,24.776
3748,142.524,146.539,0.392,0.9
3747,142.524,146.539,0.9,1.408
3746,142.524,146.539,1.408,1.916
3745,142.524,146.539,1.916,2.424
3744,142.524,146.539,2.424,2.932
3743,142.524,146.539,2.932,3.44
3742,142.524,146.539,3.44,3.948
3741,142.524,146.539,3.948,4.456
3740,142.524,146.539,4.456,4.964
3739,142.524,146.539,4.964,5.472
3738,142.524,146.539,5.472,5.98
3737,142.524,146.539,5.98,6.488
3736,142.524,146.539,6.488,6.996
3735,142.524,146.539,6.996,7.504
3734,142.524,146.539,7.504,8.012
3733,142.524,146.539,8.012,8.52
3732,142.524,146.539,8.52,9.028
3731,142.524,146.539,9.028,9.536
3730,142.524,146.539,9.536,10.044
3729,142.524,146.539,10.044,10.552
3728,142.524,146.539,10.552,11.06
3727,142.524,146.539,11.06,11.568
3726,142.524,146.539,11.568,12.076
3725,142.524,146.539,12.076,12.584
3724,142.524,146.539,12.584,13.092
3723,142.524,146.539,13.092,13.6
3722,142.524,146.539,13.6,14.108
3721,142.524,146.539,14.108,14.616
3720,142.524,146.539,14.616,15.124
3719,142.524,146.539,15.124,15.632
3718,142.524,146.539,15.632,16.14
3717,142.524,146.539,16.14,16.648
3716,142.524,146.539,16.648,17.156
3715,142.524,146.539,17.156,17.664
3714,142.524,146.539,17.664,18.172
3713,142.524,146.539,18.172,18.68
3712,142.524,146.539,18.68,19.188
3711,142.524,146.539,19.188,19.696
3710,142.524,146.539,19.696,20.204
3709,142.524,146.539,20.204,20.712
3708,142.524,146.539,20.712,21.22
3707,142.524,146.539,21.22,21.728
3706,142.524,146.539,21.728,22.236
3705,142.524,146.539,22.236,22.744
3704,142.524,146.539,22.744,23.252
3703,142.524,146.539,23.252,23.76
3702,142.524,146.539,23.76,24.268
3701,142.524,146.539,24.268,24.776
3848,146.539,150.555,0.392,0.9
3847,146.539,150.555,0.9,1.408
3846,146.539,150.555,1.408,1.916
3845,146.539,150.555,1.916,2.424
3844,146.539,150.555,2.424,2.932
3843,146.539,150.555,2.932,3.44
3842,146.539,150.555,3.44,3.948
3841,146.539,150.555,3.948,4.456
3840,146.539,150.555,4.456,4.964
3839,146.539,150.555,4.964,5.472
3838,146.539,150.555,5.472,5.98
3837,146.539,150.555,5.98,6.488
3836,146.539,150.555,6.488,6.996
3835,146.539,150.555,6.996,7.504
3834,146.539,150.555,7.504,8.012
3833,146.539,150.555,8.012,8.52
3832,146.539,150.555,8.52,9.028
3831,146.539,150.555,9.028,9.536
3830,146.539,150.555,9.536,10.044
3829,146.539,150.555,10.044,10.552
3828,146.539,150.555,10.552,11.06
3827,146.539,150.555,11.06,11.568
3826,146.539,150.555,11.568,12.076
3825,146.539,150.555,12.076,12.584
3824,146.539,150.555,12.584,13.092
3823,146.539,150.555,13.092,13.6
3822,146.539,150.555,13.6,14.108
3821,146.539,150.555,14.108,14.616
3820,146.539,150.555,14.616,15.124
3819,146.539,150.555,15.124,15.632
3818,146.539,150.555,15.632,16.14
3817,146.539,150.555,16.14,16.648
3816,146.539,150.555,16.648,17.156
3815,146.539,150.555,17.156,17.664
3814,146.539,150.555,17.664,18.172
3813,146.539,150.555,18.172,18.68
3812,146.539,150.555,18.68,19.188
3811,146.539,150.555,19.188,19.696
3810,146.539,150.555,19.696,20.204
3809,146.539,150.555,20.204,20.712
3808,146.539,150.555,20.712,21.22
3807,146.539,150.555,21.22,21.728
3806,146.539,150.555,21.728,22.236
3805,146.539,150.555,22.236,22.744
3804,146.539,150.555,22.744,23.252
3803,146.539,150.555,23.252,23.76
3802,146.539,150.555,23.76,24.268
3801,146.539,150.555,24.268,24.776
3948,150.555,154.57,0.392,0.9
3947,150.555,154.57,0.9,1.408
3946,150.555,154.57,1.408,1.916
3945,150.555,154.57,1.916,2.424
3944,150.555,154.57,2.424,2.932
3943,150.555,154.57,2.932,3.44
3942,150.555,154.57,3.44,3.948
3941,150.555,154.57,3.948,4.456
3940,150.555,154.57,4.456,4.964
3939,150.555,154.57,4.964,5.472
3938,150.555,154.57,5.472,5.98
3937,150.555,154.57,5.98,6.488
3936,150.555,154.57,6.488,6.996
3935,150.555,154.57,6.996,7.504
3934,150.555,154.57,7.504,8.012
3933,150.555,154.57,8.012,8.52
3932,150.555,154.57,8.52,9.028
3931,150.555,154.57,9.028,9.536
3930,150.555,154.57,9.536,10.044
3929,150.555,154.57,10.044,10.552
3928,150.555,154.57,10.552,11.06
3927,150.555,154.57,11.06,11.568
3926,150.555,154.57,11.568,12.076
3925,150.555,154.57,12.076,12.584
3924,150.555,154.57,12.584,13.092
3923,150.555,154.57,13.092,13.6
3922,150.555,154.57,13.6,14.108
3921,150.555,154.57,14.108,14.616
3920,150.555,154.57,14.616,15.124
3919,150.555,154.57,15.124,15.632
3918,150.555,154.57,15.632,16.14
3917,150.555,154.57,16.14,16.648
3916,150.555,154.57,16.648,17.156
3915,150.555,154.57,17.156,17.664
3914,150.555,154.57,17.664,18.172
3913,150.555,154.57,18.172,18.68
3912,150.555,154.57,18.68,19.188
3911,150.555,154.57,19.188,19.696
3910,150.555,154.57,19.696,20.204
3909,150.555,154.57,20.204,20.712
3908,150.555,154.57,20.712,21.22
3907,150.555,154.57,21.22,21.728
3906,150.555,154.57,21.728,22.236
3905,150.555,154.57,22.236,22.744
3904,150.555,154.57,22.744,23.252
3903,150.555,154.57,23.252,23.76
3902,150.555,154.57,23.76,24.268
3901,150.555,154.57,24.268,24.776
4048,154.57,158.586,0.392,0.9
4047,154.57,158.586,0.9,1.408
4046,154.57,158.586,1.408,1.916
4045,154.57,158.586,1.916,2.424
4044,154.57,158.586,2.424,2.932
4043,154.57,158.586,2.932,3.44
4042,154.57,158.586,3.44,3.948
4041,154.57,158.586,3.948,4.456
4040,154.57,158.586,4.456,4.964
4039,154.57,158.586,4.964,5.472
4038,154.57,158.586,5.472,5.98
4037,154.57,158.586,5.98,6.488
4036,154.57,158.586,6.488,6.996
4035,154.57,158.586,6.996,7.504
4034,154.57,158.586,7.504,8.012
4033,154.57,158.586,8.012,8.52
4032,154.57,158.586,8.52,9.028
4031,154.57,158.586,9.028,9.536
4030,154.57,158.586,9.536,10.044
4029,154.57,158.586,10.044,10.552
4028,154.57,158.586,10.552,11.06
4027,154.57,158.586,11.06,11.568
4026,154.57,158.586,11.568,12.076
4025,154.57,158.586,12.076,12.584
4024,154.57,158.586,12.584,13.092
4023,154.57,158.586,13.092,13.6
4022,154.57,158.586,13.6,14.108
4021,154.57,158.586,14.108,14.616
4020,154.57,158.586,14.616,15.124
4019,154.57,158.586,15.124,15.632
4018,154.57,158.586,15.632,16.14
4017,154.57,158.586,16.14,16.648
4016,154.57,158.586,16.648,17.156
4015,154.57,158.586,17.156,17.664
4014,154.57,158.586,17.664,18.172
4013,154.57,158.586,18.172,18.68
4012,154.57,158.586,18.68,19.188
4011,154.57,158.586,19.188,19.696
4010,154.57,158.586,19.696,20.204
4009,154.57,158.586,20.204,20.712
4008,154.57,158.586,20.712,21.22
4007,154.57,158.586,21.22,21.728
4006,154.57,158.586,21.728,22.236
4005,154.57,158.586,22.236,22.744
4004,154.57,158.586,22.744,23.252
4003,154.57,158.586,23.252,23.76
4002,154.57,158.586,23.76,24.268
4001,154.57,158.586,24.268,24.776
4148,158.586,162.602,0.392,0.9
4147,158.586,162.602,0.9,1.408
4146,158.586,162.602,1.408,1.916
4145,158.586,162.602,1.916,2.424
4144,158.586,162.602,2.424,2.932
4143,158.586,162.602,2.932,3.44
4142,158.586,162.602,3.44,3.948
4141,158.586,162.602,3.948,4.456
4140,158.586,162.602,4.456,4.964
4139,158.586,162.602,4.964,5.472
4138,158.586,162.602,5.472,5.98
4137,158.586,162.602,5.98,6.488
4136,158.586,162.602,6.488,6.996
4135,158.586,162.602,6.996,7.504
4134,158.586,162.602,7.504,8.012
4133,158.586,162.602,8.012,8.52
4132,158.586,162.602,8.52,9.028
4131,158.586,162.602,9.028,9.536
4130,158.586,162.602,9.536,10.044
4129,158.586,162.602,10.044,10.552
4128,158.586,162.602,10.552,11.06
4127,158.586,162.602,11.06,11.568
4126,158.586,162.602,11.568,12.076
4125,158.586,162.602,12.076,12.584
4124,158.586,162.602,12.584,13.092
4123,158.586,162.602,13.092,13.6
4122,158.586,162.602,13.6,14.108
4121,158.586,162.602,14.108,14.616
4120,158.586,162.602,14.616,15.124
4119,158.586,162.602,15.124,15.632
4118,158.586,162.602,15.632,16.14
4117,158.586,162.602,16.14,16.648
4116,158.586,162.602,16.648,17.156
4115,158.586,162.602,17.156,17.664
4114,158.586,162.602,17.664,18.172
4113,158.586,162.602,18.172,18.68
4112,158.586,162.602,18.68,19.188
4111,158.586,162.602,19.188,19.696
4110,158.586,162.602,19.696,20.204
4109,158.586,162.602,20.204,20.712
4108,158.586,162.602,20.712,21.22
4107,158.586,162.602,21.22,21.728
4106,158.586,162.602,21.728,22.236
4105,158.586,162.602,22.236,22.744
4104,158.586,162.602,22.744,23.252
4103,158.586,162.602,23.252,23.76
4102,158.586,162.602,23.76,24.268
4101,158.586,162.602,24.268,24.776
4248,162.602,166.617,0.392,0.9
4247,162.602,166.617,0.9,1.408
4246,162.602,166.617,1.408,1.916
4245,162.602,166.617,1.916,2.424
4244,162.602,166.617,2.424,2.932
4243,162.602,166.617,2.932,3.44
4242,162.602,166.617,3.44,3.948
4241,162.602,166.617,3.948,4.456
4240,162.602,166.617,4.456,4.964
4239,162.602,166.617,4.964,5.472
4238,162.602,166.617,5.472,5.98
4237,162.602,166.617,5.98,6.488
4236,162.602,166.617,6.488,6.996
4235,162.602,166.617,6.996,7.504
4234,162.602,166.617,7.504,8.012
4233,162.602,166.617,8.012,8.52
4232,162.602,166.617,8.52,9.028
4231,162.602,166.617,9.028,9.536
4230,162.602,166.617,9.536,10.044
4229,162.602,166.617,10.044,10.552
4228,162.602,166.617,10.552,11.06
4227,162.602,166.617,11.06,11.568
4226,162.602,166.617,11.568,12.076
4225,162.602,166.617,12.076,12.584
4224,162.602,166.617,12.584,13.092
4223,162.602,166.617,13.092,13.6
4222,162.602,166.617,13.6,14.108
4221,162.602,166.617,14.108,14.616
4220,162.602,166.617,14.616,15.124
4219,162.602,166.617,15.124,15.632
4218,162.602,166.617,15.632,16.14
4217,162.602,166.617,16.14,16.648
4216,162.602,166.617,16.648,17.156
4215,162.602,166.617,17.156,17.664
4214,162.602,166.617,17.664,18.172
4213,162.602,166.617,18.172,18.68
4212,162.602,166.617,18.68,19.188
4211,162.602,166.617,19.188,19.696
4210,162.602,166.617,19.696,20.204
4209,162.602,166.617,20.204,20.712
4208,162.602,166.617,20.712,21.22
4207,162.602,166.617,21.22,21.728
4206,162.602,166.617,21.728,22.236
4205,162.602,166.617,22.236,22.744
4204,162.602,166.617,22.744,23.252
4203,162.602,166.617,23.252,23.76
4202,162.602,166.617,23.76,24.268
4201,162.602,166.617,24.268,24.776
4348,166.617,170.633,0.392,0.9
4347,166.617,170.633,0.9,1.408
4346,166.617,170.633,1.408,1.916
4345,166.617,170.633,1.916,2.424
4344,166.617,170.633,2.424,2.932
4343,166.617,170.633,2.932,3.44
4342,166.617,170.633,3.44,3.948
4341,166.617,170.633,3.948,4.456
4340,166.617,170.633,4.456,4.964
4339,166.617,170.633,4.964,5.472
4338,166.617,170.633,5.472,5.98
4337,166.617,170.633,5.98,6.488
4336,166.617,170.633,6.488,6.996
4335,166.617,170.633,6.996,7.504
4334,166.617,170.633,7.504,8.012
4333,166.617,170.633,8.012,8.52
4332,166.617,170.633,8.52,9.028
4331,166.617,170.633,9.028,9.536
4330,166.617,170.633,9.536,10.044
4329,166.617,170.633,10.044,10.552
4328,166.617,170.633,10.552,11.06
4327,166.617,170.633,11.06,11.568
4326,166.617,170.633,11.568,12.076
4325,166.617,170.633,12.076,12.584
4324,166.617,170.633,12.584,13.092
4323,166.617,170.633,13.092,13.6
4322,166.617,170.633,13.6,14.108
4321,166.617,170.633,14.108,14.616
4320,166.617,170.633,14.616,15.124
4319,166.617,170.633,15.124,15.632
4318,166.617,170.633,15.632,16.14
4317,166.617,170.633,16.14,16.648
4316,166.617,170.633,16.648,17.156
4315,166.617,170.633,17.156,17.664
4314,166.617,170.633,17.664,18.172
4313,166.617,170.633,18.172,18.68
4312,166.617,170.633,18.68,19.188
4311,166.617,170.633,19.188,19.696
4310,166.617,170.633,19.696,20.204
4309,166.617,170.633,20.204,20.712
4308,166.617,170.633,20.712,21.22
4307,166.617,170.633,21.22,21.728
4306,166.617,170.633,21.728,22.236
4305,166.617,170.633,22.236,22.744
4304,166.617,170.633,22.744,23.252
4303,166.617,170.633,23.252,23.76
4302,166.617,170.633,23.76,24.268
4301,166.617,170.633,24.268,24.776
4448,170.633,174.649,0.392,0.9
4447,170.633,174.649,0.9,1.408
4446,170.633,174.649,1.408,1.916
4445,170.633,174.649,1.916,2.424
4444,170.633,174.649,2.424,2.932
4443,170.633,174.649,2.932,3.44
4442,170.633,174.649,3.44,3.948
4441,170.633,174.649,3.948,4.456
4440,170.633,174.649,4.456,4.964
4439,170.633,174.649,4.964,5.472
4438,170.633,174.649,5.472,5.98
4437,170.633,174.649,5.98,6.488
4436,170.633,174.649,6.488,6.996
4435,170.633,174.649,6.996,7.504
4434,170.633,174.649,7.504,8.012
4433,170.633,174.649,8.012,8.52
4432,170.633,174.649,8.52,9.028
4431,170.633,174.649,9.028,9.536
4430,170.633,174.649,9.536,10.044
4429,170.633,174.649,10.044,10.552
4428,170.633,174.649,10.552,11.06
4427,170.633,174.649,11.06,11.568
4426,170.633,174.649,11.568,12.076
4425,170.633,174.649,12.076,12.584
4424,170.633,174.649,12.584,13.092
4423,170.633,174.649,13.092,13.6
4422,170.633,174.649,13.6,14.108
4421,170.633,174.649,14.108,14.616
4420,170.633,174.649,14.616,15.124
4419,170.633,174.649,15.124,15.632
4418,170.633,174.649,15.632,16.14
4417,170.633,174.649,16.14,16.648
4416,170.633,174.649,16.648,17.156
4415,170.633,174.649,17.156,17.664
4414,170.633,174.649,17.664,18.172
4413,170.633,174.649,18.172,18.68
4412,170.633,174.649,18.68,19.188
4411,170.633,174.649,19.188,19.696
4410,170.633,174.649,19.696,20.204
4409,170.633,174.649,20.204,20.712
4408,170.633,174.649,20.712,21.22
4407,170.633,174.649,21.22,21.728
4406,170.633,174.649,21.728,22.236
4405,170.633,174.649,22.236,22.744
4404,170.633,174.649,22.744,23.252
4403,170.633,174.649,23.252,23.76
4402,170.633,174.649,23.76,24.268
4401,170.633,174.649,24.268,24.776
4548,174.649,178.664,0.392,0.9
4547,174.649,178.664,0.9,1.408
4546,174.649,178.664,1.408,1.916
4545,174.649,178.664,1.916,2.424
4544,174.649,178.664,2.424,2.932
4543,174.649,178.664,2.932,3.44
4542,174.649,178.664,3.44,3.948
4541,174.649,178.664,3.948,4.456
4540,174.649,178.664,4.456,4.964
4539,174.649,178.664,4.964,5.472
4538,174.649,178.664,5.472,5.98
4537,174.649,178.664,5.98,6.488
4536,174.649,178.664,6.488,6.996
4535,174.649,178.664,6.996,7.504
4534,174.649,178.664,7.504,8.012
4533,174.649,178.664,8.012,8.52
4532,174.649,178.664,8.52,9.028
4531,174.649,178.664,9.028,9.536
4530,174.649,178.664,9.536,10.044
4529,174.649,178.664,10.044,10.552
4528,174.649,178.664,10.552,11.06
4527,174.649,178.664,11.06,11.568
4526,174.649,178.664,11.568,12.076
4525,174.649,178.664,12.076,12.584
4524,174.649,178.664,12.584,13.092
4523,174.649,178.664,13.092,13.6
4522,174.649,178.664,13.6,14.108
4521,174.649,178.664,14.108,14.616
4520,174.649,178.664,14.616,15.124
4519,174.649,178.664,15.124,15.632
4518,174.649,178.664,15.632,16.14
4517,174.649,178.664,16.14,16.648
4516,174.649,178.664,16.648,17.156
4515,174.649,178.664,17.156,17.664
4514,174.649,178.664,17.664,18.172
4513,174.649,178.664,18.172,18.68
4512,174.649,178.664,18.68,19.188
4511,174.649,178.664,19.188,19.696
4510,174.649,178.664,19.696,20.204
4509,174.649,178.664,20.204,20.712
4508,174.649,178.664,20.712,21.22
4507,174.649,178.664,21.22,21.728
4506,174.649,178.664,21.728,22.236
4505,174.649,178.664,22.236,22.744
4504,174.649,178.664,22.744,23.252
4503,174.649,178.664,23.252,23.76
4502,174.649,178.664,23.76,24.268
4501,174.649,178.664,24.268,24.776
4648,178.664,182.68,0.392,0.9
4647,178.664,182.68,0.9,1.408
4646,178.664,182.68,1.408,1.916
4645,178.664,182.68,1.916,2.424
4644,178.664,182.68,2.424,2.932
4643,178.664,182.68,2.932,3.44
4642,178.664,182.68,3.44,3.948
4641,178.664,182.68,3.948,4.456
4640,178.664,182.68,4.456,4.964
4639,178.664,182.68,4.964,5.472
4638,178.664,182.68,5.472,5.98
4637,178.664,182.68,5.98,6.488
4636,178.664,182.68,6.488,6.996
4635,178.664,182.68,6.996,7.504
4634,178.664,182.68,7.504,8.012
4633,178.664,182.68,8.012,8.52
4632,178.664,182.68,8.52,9.028
4631,178.664,182.68,9.028,9.536
4630,178.664,182.68,9.536,10.044
4629,178.664,182.68,10.044,10.552
4628,178.664,182.68,10.552,11.06
4627,178.664,182.68,11.06,11.568
4626,178.664,182.68,11.568,12.076
4625,178.664,182.68,12.076,12.584
4624,178.664,182.68,12.584,13.092
4623,178.664,182.68,13.092,13.6
4622,178.664,182.68,13.6,14.108
4621,178.664,182.68,14.108,14.616
4620,178.664,182.68,14.616,15.124
4619,178.664,182.68,15.124,15.632
4618,178.664,182.68,15.632,16.14
4617,178.664,182.68,16.14,16.648
4616,178.664,182.68,16.648,17.156
4615,178.664,182.68,17.156,17.664
4614,178.664,182.68,17.664,18.172
4613,178.664,182.68,18.172,18.68
4612,178.664,182.68,18.68,19.188
4611,178.664,182.68,19.188,19.696
4610,178.664,182.68,19.696,20.204
4609,178.664,182.68,20.204,20.712
4608,178.664,182.68,20.712,21.22
4607,178.664,182.68,21.22,21.728
4606,178.664,182.68,21.728,22.236
4605,178.664,182.68,22.236,22.744
4604,178.664,182.68,22.744,23.252
4603,178.664,182.68,23.252,23.76
4602,178.664,182.68,23.76,24.268
4601,178.664,182.68,24.268,24.776
4748,182.68,186.695,0.392,0.9
4747,182.68,186.695,0.9,1.408
4746,182.68,186.695,1.408,1.916
4745,182.68,186.695,1.916,2.424
4744,182.68,186.695,2.424,2.932
4743,182.68,186.695,2.932,3.44
4742,182.68,186.695,3.44,3.948
4741,182.68,186.695,3.948,4.456
4740,182.68,186.695,4.456,4.964
4739,182.68,186.695,4.964,5.472
4738,182.68,186.695,5.472,5.98
4737,182.68,186.695,5.98,6.488
4736,182.68,186.695,6.488,6.996
4735,182.68,186.695,6.996,7.504
4734,182.68,186.695,7.504,8.012
4733,182.68,186.695,8.012,8.52
4732,182.68,186.695,8.52,9.028
4731,182.68,186.695,9.028,9.536
4730,182.68,186.695,9.536,10.044
4729,182.68,186.695,10.044,10.552
4728,182.68,186.695,10.552,11.06
4727,182.68,186.695,11.06,11.568
4726,182.68,186.695,11.568,12.076
4725,182.68,186.695,12.076,12.584
4724,182.68,186.695,12.584,13.092
4723,182.68,186.695,13.092,13.6
4722,182.68,186.695,13.6,14.108
4721,182.68,186.695,14.108,14.616
4720,182.68,186.695,14.616,15.124
4719,182.68,186.695,15.124,15.632
4718,182.68,186.695,15.632,16.14
4717,182.68,186.695,16.14,16.648
4716,182.68,186.695,16.648,17.156
4715,182.68,186.695,17.156,17.664
4714,182.68,186.695,17.664,18.172
4713,182.68,186.695,18.172,18.68
4712,182.68,186.695,18.68,19.188
4711,182.68,186.695,19.188,19.696
4710,182.68,186.695,19.696,20.204
4709,182.68,186.695,20.204,20.712
4708,182.68,186.695,20.712,21.22
4707,182.68,186.695,21.22,21.728
4706,182.68,186.695,21.728,22.236
4705,182.68,186.695,22.236,22.744
4704,182.68,186.695,22.744,23.252
4703,182.68,186.695,23.252,23.76
4702,182.68,186.695,23.76,24.268
4701,182.68,186.695,24.268,24.776
4848,186.695,190.711,0.392,0.9
4847,186.695,190.711,0.9,1.408
4846,186.695,190.711,1.408,1.916
4845,186.695,190.711,1.916,2.424
4844,186.695,190.711,2.424,2.932
4843,186.695,190.711,2.932,3.44
4842,186.695,190.711,3.44,3.948
4841,186.695,190.711,3.948,4.456
4840,186.695,190.711,4.456,4.964
4839,186.695,190.711,4.964,5.472
4838,186.695,190.711,5.472,5.98
4837,186.695,190.711,5.98,6.488
4836,186.695,190.711,6.488,6.996
4835,186.695,190.711,6.996,7.504
4834,186.695,190.711,7.504,8.012
4833,186.695,190.711,8.012,8.52
4832,186.695,190.711,8.52,9.028
4831,186.695,190.711,9.028,9.536
4830,186.695,190.711,9.536,10.044
4829,186.695,190.711,10.044,10.552
4828,186.695,190.711,10.552,11.06
4827,186.695,190.711,11.06,11.568
4826,186.695,190.711,11.568,12.076
4825,186.695,190.711,12.076,12.584
4824,186.695,190.711,12.584,13.092
4823,186.695,190.711,13.092,13.6
4822,186.695,190.711,13.6,14.108
4821,186.695,190.711,14.108,14.616
4820,186.695,190.711,14.616,15.124
4819,186.695,190.711,15.124,15.632
4818,186.695,190.711,15.632,16.14
4817,186.695,190.711,16.14,16.648
4816,186.695,190.711,16.648,17.156
4815,186.695,190.711,17.156,17.664
4814,186.695,190.711,17.664,18.172
4813,186.695,190.711,18.172,18.68
4812,186.695,190.711,18.68,19.188
4811,186.695,190.711,19.188,19.696
4810,186.695,190.711,19.696,20.204
4809,186.695,190.711,20.204,20.712
4808,186.695,190.711,20.712,21.22
4807,186.695,190.711,21.22,21.728
4806,186.695,190.711,21.728,22.236
4805,186.695,190.711,22.236,22.744
4804,186.695,190.711,22.744,23.252
4803,186.695,190.711,23.252,23.76
4802,186.695,190.711,23.76,24.268
4801,186.695,190.711,24.268,24.776
4948,190.711,194.727,0.392,0.9
4947,190.711,194.727,0.9,1.408
4946,190.711,194.727,1.408,1.916
4945,190.711,194.727,1.916,2.424
4944,190.711,194.727,2.424,2.932
4943,190.711,194.727,2.932,3.44
4942,190.711,194.727,3.44,3.948
4941,190.711,194.727,3.948,4.456
4940,190.711,194.727,4.456,4.964
4939,190.711,194.727,4.964,5.472
4938,190.711,194.727,5.472,5.98
4937,190.711,194.727,5.98,6.488
4936,190.711,194.727,6.488,6.996
4935,190.711,194.727,6.996,7.504
4934,190.711,194.727,7.504,8.012
4933,190.711,194.727,8.012,8.52
4932,190.711,194.727,8.52,9.028
4931,190.711,194.727,9.028,9.536
4930,190.711,194.727,9.536,10.044
4929,190.711,194.727,10.044,10.552
4928,190.711,194.727,10.552,11.06
4927,190.711,194.727,11.06,11.568
4926,190.711,194.727,11.568,12.076
4925,190.711,194.727,12.076,12.584
4924,190.711,194.727,12.584,13.092
4923,190.711,194.727,13.092,13.6
4922,190.711,194.727,13.6,14.108
4921,190.711,194.727,14.108,14.616
4920,190.711,194.727,14.616,15.124
4919,190.711,194.727,15.124,15.632
4918,190.711,194.727,15.632,16.14
4917,190.711,194.727,16.14,16.648
4916,190.711,194.727,16.648,17.156
4915,190.711,194.727,17.156,17.664
4914,190.711,194.727,17.664,18.172
4913,190.711,194.727,18.172,18.68
4912,190.711,194.727,18.68,19.188
4911,190.711,194.727,19.188,19.696
4910,190.711,194.727,19.696,20.204
4909,190.711,194.727,20.204,20.712
4908,190.711,194.727,20.712,21.22
4907,190.711,194.727,21.22,21.728
4906,190.711,194.727,21.728,22.236
4905,190.711,194.727,22.236,22.744
4904,190.711,194.727,22.744,23.252
4903,190.711,194.727,23.252,23.76
4902,190.711,194.727,23.76,24.268
4901,190.711,194.727,24.268,24.776
5048,194.727,198.742,0.392,0.9
5047,194.727,198.742,0.9,1.408
5046,194.727,198.742,1.408,1.916
5045,194.727,198.742,1.916,2.424
5044,194.727,198.742,2.424,2.932
5043,194.727,198.742,2.932,3.44
5042,194.727,198.742,3.44,3.948
5041,194.727,198.742,3.948,4.456
5040,194.727,198.742,4.456,4.964
5039,194.727,198.742,4.964,5.472
5038,194.727,198.742,5.472,5.98
5037,194.727,198.742,5.98,6.488
5036,194.727,198.742,6.488,6.996
5035,194.727,198.742,6.996,7.504
5034,194.727,198.742,7.504,8.012
5033,194.727,198.742,8.012,8.52
5032,194.727,198.742,8.52,9.028
5031,194.727,198.742,9.028,9.536
5030,194.727,198.742,9.536,10.044
5029,194.727,198.742,10.044,10.552
5028,194.727,198.742,10.552,11.06
5027,194.727,198.742,11.06,11.568
5026,194.727,198.742,11.568,12.076
5025,194.727,198.742,12.076,12.584
5024,194.727,198.742,12.584,13.092
5023,194.727,198.742,13.092,13.6
5022,194.727,198.742,13.6,14.108
5021,194.727,198.742,14.108,14.616
5020,194.727,198.742,14.616,15.124
5019,194.727,198.742,15.124,15.632
5018,194.727,198.742,15.632,16.14
5017,194.727,198.742,16.14,16.648
5016,194.727,198.742,16.648,17.156
5015,194.727,198.742,17.156,17.664
5014,194.727,198.742,17.664,18.172
5013,194.727,198.742,18.172,18.68
5012,194.727,198.742,18.68,19.188
5011,194.727,198.742,19.188,19.696
5010,194.727,198.742,19.696,20.204
5009,194.727,198.742,20.204,20.712
5008,194.727,198.742,20.712,21.22
5007,194.727,198.742,21.22,21.728
5006,194.727,198.742,21.728,22.236
5005,194.727,198.742,22.236,22.744
5004,194.727,198.742,22.744,23.252
5003,194.727,198.742,23.252,23.76
5002,194.727,198.742,23.76,24.268
5001,194.727,198.742,24.268,24.776
5148,198.742,202.758,0.392,0.9
5147,198.742,202.758,0.9,1.408
5146,198.742,202.758,1.408,1.916
5145,198.742,202.758,1.916,2.424
5144,198.742,202.758,2.424,2.932
5143,198.742,202.758,2.932,3.44
5142,198.742,202.758,3.44,3.948
5141,198.742,202.758,3.948,4.456
5140,198.742,202.758,4.456,4.964
5139,198.742,202.758,4.964,5.472
5138,198.742,202.758,5.472,5.98
5137,198.742,202.758,5.98,6.488
5136,198.742,202.758,6.488,6.996
5135,198.742,202.758,6.996,7.504
5134,198.742,202.758,7.504,8.012
5133,198.742,202.758,8.012,8.52
5132,198.742,202.758,8.52,9.028
5131,198.742,202.758,9.028,9.536
5130,198.742,202.758,9.536,10.044
5129,198.742,202.758,10.044,10.552
5128,198.742,202.758,10.552,11.06
5127,198.742,202.758,11.06,11.568
5126,198.742,202.758,11.568,12.076
5125,198.742,202.758,12.076,12.584
5124,198.742,202.758,12.584,13.092
5123,198.742,202.758,13.092,13.6
5122,198.742,202.758,13.6,14.108
5121,198.742,202.758,14.108,14.616
5120,198.742,202.758,14.616,15.124
5119,198.742,202.758,15.124,15.632
5118,198.742,202.758,15.632,16.14
5117,198.742,202.758,16.14,16.648
5116,198.742,202.758,16.648,17.156
5115,198.742,202.758,17.156,17.664
5114,198.742,202.758,17.664,18.172
5113,198.742,202.758,18.172,18.68
5112,198.742,202.758,18.68,19.188
5111,198.742,202.758,19.188,19.696
5110,198.742,202.758,19.696,20.204
5109,198.742,202.758,20.204,20.712
5108,198.742,202.758,20.712,21.22
5107,198.742,202.758,21.22,21.728
5106,198.742,202.758,21.728,22.236
5105,198.742,202.758,22.236,22.744
5104,198.742,202.758,22.744,23.252
5103,198.742,202.758,23.252,23.76
5102,198.742,202.758,23.76,24.268
5101,198.742,202.758,24.268,24.776
5248,202.758,206.773,0.392,0.9
5247,202.758,206.773,0.9,1.408
5246,202.758,206.773,1.408,1.916
5245,202.758,206.773,1.916,2.424
5244,202.758,206.773,2.424,2.932
5243,202.758,206.773,2.932,3.44
5242,202.758,206.773,3.44,3.948
5241,202.758,206.773,3.948,4.456
5240,202.758,206.773,4.456,4.964
5239,202.758,206.773,4.964,5.472
5238,202.758,206.773,5.472,5.98
5237,202.758,206.773,5.98,6.488
5236,202.758,206.773,6.488,6.996
5235,202.758,206.773,6.996,7.504
5234,202.758,206.773,7.504,8.012
5233,202.758,206.773,8.012,8.52
5232,202.758,206.773,8.52,9.028
5231,202.758,206.773,9.028,9.536
5230,202.758,206.773,9.536,10.044
5229,202.758,206.773,10.044,10.552
5228,202.758,206.773,10.552,11.06
5227,202.758,206.773,11.06,11.568
5226,202.758,206.773,11.568,12.076
5225,202.758,206.773,12.076,12.584
5224,202.758,206.773,12.584,13.092
5223,202.758,206.773,13.092,13.6
5222,202.758,206.773,13.6,14.108
5221,202.758,206.773,14.108,14.616
5220,202.758,206.773,14.616,15.124
5219,202.758,206.773,15.124,15.632
5218,202.758,206.773,15.632,16.14
5217,202.758,206.773,16.14,16.648
5216,202.758,206.773,16.648,17.156
5215,202.758,206.773,17.156,17.664
5214,202.758,206.773,17.664,18.172
5213,202.758,206.773,18.172,18.68
5212,202.758,206.773,18.68,19.188
5211,202.758,206.773,19.188,19.696
5210,202.758,206.773,19.696,20.204
5209,202.758,206.773,20.204,20.712
5208,202.758,206.773,20.712,21.22
5207,202.758,206.773,21.22,21.728
5206,202.758,206.773,21.728,22.236
5205,202.758,206.773,22.236,22.744
5204,202.758,206.773,22.744,23.252
5203,202.758,206.773,23.252,23.76
5202,202.758,206.773,23.76,24.268
5201,202.758,206.773,24.268,24.776
5348,206.773,210.789,0.392,0.9
5347,206.773,210.789,0.9,1.408
5346,206.773,210.789,1.408,1.916
5345,206.773,210.789,1.916,2.424
5344,206.773,210.789,2.424,2.932
5343,206.773,210.789,2.932,3.44
5342,206.773,210.789,3.44,3.948
5341,206.773,210.789,3.948,4.456
5340,206.773,210.789,4.456,4.964
5339,206.773,210.789,4.964,5.472
5338,206.773,210.789,5.472,5.98
5337,206.773,210.789,5.98,6.488
5336,206.773,210.789,6.488,6.996
5335,206.773,210.789,6.996,7.504
5334,206.773,210.789,7.504,8.012
5333,206.773,210.789,8.012,8.52
5332,206.773,210.789,8.52,9.028
5331,206.773,210.789,9.028,9.536
5330,206.773,210.789,9.536,10.044
5329,206.773,210.789,10.044,10.552
5328,206.773,210.789,10.552,11.06
5327,206.773,210.789,11.06,11.568
5326,206.773,210.789,11.568,12.076
5325,206.773,210.789,12.076,12.584
5324,206.773,210.789,12.584,13.092
5323,206.773,210.789,13.092,13.6
5322,206.773,210.789,13.6,14.108
5321,206.773,210.789,14.108,14.616
5320,206.773,210.789,14.616,15.124
5319,206.773,210.789,15.124,15.632
5318,206.773,210.789,15.632,16.14
5317,206.773,210.789,16.14,16.648
5316,206.773,210.789,16.648,17.156
5315,206.773,210.789,17.156,17.664
5314,206.773,210.789,17.664,18.172
5313,206.773,210.789,18.172,18.68
5312,206.773,210.789,18.68,19.188
5311,206.773,210.789,19.188,19.696
5310,206.773,210.789,19.696,20.204
5309,206.773,210.789,20.204,20.712
5308,206.773,210.789,20.712,21.22
5307,206.773,210.789,21.22,21.728
5306,206.773,210.789,21.728,22.236
5305,206.773,210.789,22.236,22.744
5304,206.773,210.789,22.744,23.252
5303,206.773,210.789,23.252,23.76
5302,206.773,210.789,23.76,24.268
5301,206.773,210.789,24.268,24.776
5448,210.789,214.805,0.392,0.9
5447,210.789,214.805,0.9,1.408
5446,210.789,214.805,1.408,1.916
5445,210.789,214.805,1.916,2.424
5444,210.789,214.805,2.424,2.932
5443,210.789,214.805,2.932,3.44
5442,210.789,214.805,3.44,3.948
5441,210.789,214.805,3.948,4.456
5440,210.789,214.805,4.456,4.964
5439,210.789,214.805,4.964,5.472
5438,210.789,214.805,5.472,5.98
5437,210.789,214.805,5.98,6.488
5436,210.789,214.805,6.488,6.996
5435,210.789,214.805,6.996,7.504
5434,210.789,214.805,7.504,8.012
5433,210.789,214.805,8.012,8.52
5432,210.789,214.805,8.52,9.028
5431,210.789,214.805,9.028,9.536
5430,210.789,214.805,9.536,10.044
5429,210.789,214.805,10.044,10.552
5428,210.789,214.805,10.552,11.06
5427,210.789,214.805,11.06,11.568
5426,210.789,214.805,11.568,12.076
5425,210.789,214.805,12.076,12.584
5424,210.789,214.805,12.584,13.092
5423,210.789,214.805,13.092,13.6
5422,210.789,214.805,13.6,14.108
5421,210.789,214.805,14.108,14.616
5420,210.789,214.805,14.616,15.124
5419,210.789,214.805,15.124,15.632
5418,210.789,214.805,15.632,16.14
5417,210.789,214.805,16.14,16.648
5416,210.789,214.805,16.648,17.156
5415,210.789,214.805,17.156,17.664
5414,210.789,214.805,17.664,18.172
5413,210.789,214.805,18.172,18.68
5412,210.789,214.805,18.68,19.188
5411,210.789,214.805,19.188,19.696
5410,210.789,214.805,19.696,20.204
5409,210.789,214.805,20.204,20.712
5408,210.789,214.805,20.712,21.22
5407,210.789,214.805,21.22,21.728
5406,210.789,214.805,21.728,22.236
5405,210.789,214.805,22.236,22.744
5404,210.789,214.805,22.744,23.252
5403,210.789,214.805,23.252,23.76
5402,210.789,214.805,23.76,24.268
5401,210.789,214.805,24.268,24.776
